ID,Form_ID,Form,Cognateset_ID,Doubt,Cognate_Detection_Method,Source,Alignment,Alignment_Method,Alignment_Source
Khasi-1_all-1-1,Khasi-1_all-1,roʔ,1_all_a,false,expert,,,,
Lyngngam-1_all-1-1,Lyngngam-1_all-1,prok,1_all_a,false,expert,,,,
PnarJaintia-1_all-1-1,PnarJaintia-1_all-1,warɔʔ,1_all_a,false,expert,,,,
WarLamin-1_all-1-1,WarLamin-1_all-1,bərɒʔ,1_all_a,false,expert,,,,
Palaung-1_all-1-1,Palaung-1_all-1,paj,1_all_b,false,expert,,,,
Khmu-1_all-1-1,Khmu-1_all-1,sam,1_all_c,false,expert,,,,
Khasi-2_and-1-1,Khasi-2_and-1,baːd,2_and_a,false,expert,,,,
Lyngngam-2_and-1-1,Lyngngam-2_and-1,nam,,false,expert,,,,
PnarJaintia-2_and-1-1,PnarJaintia-2_and-1,wa,2_and_c,false,expert,,,,
WarLamin-2_and-1-1,WarLamin-2_and-1,waː,2_and_c,false,expert,,,,
Khasi-3_animal-1-1,Khasi-3_animal-1,mraːd,3_animal_a,false,expert,,,,
Lyngngam-3_animal-1-1,Lyngngam-3_animal-1,mraːd,,false,expert,,,,
PnarJaintia-3_animal-1-1,PnarJaintia-3_animal-1,mraːd,,false,expert,,,,
WarLamin-3_animal-1-1,WarLamin-3_animal-1,mrat,,false,expert,,,,
Palaung-3_animal-1-1,Palaung-3_animal-1,to,,false,expert,,,,
Khmu-3_animal-1-1,Khmu-3_animal-1,toː,,false,expert,,,,
Khasi-4_ashes-1-1,Khasi-4_ashes-1,dpej,4_ashes_a,false,expert,,,,
Lyngngam-4_ashes-1-1,Lyngngam-4_ashes-1,əpaw,4_ashes_a,false,expert,,,,
PnarJaintia-4_ashes-1-1,PnarJaintia-4_ashes-1,tpai,4_ashes_a,false,expert,,,,
WarLamin-4_ashes-1-1,WarLamin-4_ashes-1,tvʊ,4_ashes_c,false,expert,,,,
Palaung-4_ashes-1-1,Palaung-4_ashes-1,kəhvaŋ,4_ashes_d,false,expert,,,,
Khmu-4_ashes-1-1,Khmu-4_ashes-1,bɔh,4_ashes_e,false,expert,,,,
Khasi-5_at-1-1,Khasi-5_at-1,ha,5_at_a,false,expert,,,,
Lyngngam-5_at-1-1,Lyngngam-5_at-1,he,5_at_a,false,expert,,,,
PnarJaintia-5_at-1-1,PnarJaintia-5_at-1,ha,5_at_a,false,expert,,,,
WarLamin-5_at-1-1,WarLamin-5_at-1,ti,5_at_b,false,expert,,,,
Khmu-5_at-1-1,Khmu-5_at-1,daʔ,5_at_b,false,expert,,,,
Khasi-6_backanat-1-1,Khasi-6_backanat-1,dien,6_backanat_a,false,expert,,,,
Lyngngam-6_backanat-1-1,Lyngngam-6_backanat-1,bad don,6_backanat_a,false,expert,,,,
PnarJaintia-6_backanat-1-1,PnarJaintia-6_backanat-1,rn̩kʰi,6_backanat_b,false,expert,,,,
WarLamin-6_backanat-1-1,WarLamin-6_backanat-1,təmpɒŋ,6_backanat_c,false,expert,,,,
Palaung-6_backanat-1-1,Palaung-6_backanat-1,krɔŋ,6_backanat_d,false,expert,,,,
Khmu-6_backanat-1-1,Khmu-6_backanat-1,kndrɔːŋ,6_backanat_d,false,expert,,,,
Khasi-7_bad-1-1,Khasi-7_bad-1,sɲiew,7_bad_a,false,expert,,,,
Lyngngam-7_bad-1-1,Lyngngam-7_bad-1,kɨncʰa,7_bad_b,false,expert,,,,
PnarJaintia-7_bad-1-1,PnarJaintia-7_bad-1,siʔ,7_bad_c,false,expert,,,,
WarLamin-7_bad-1-1,WarLamin-7_bad-1,kɒ͂m,7_bad_d,false,expert,,,,
Palaung-7_bad-1-1,Palaung-7_bad-1,kʰu,7_bad_e,false,expert,,,,
Khmu-7_bad-1-1,Khmu-7_bad-1,ɲoːɲ,7_bad_f,false,expert,,,,
Khasi-8_barkoftree-1-1,Khasi-8_barkoftree-1,snep,8_barkoftree_a,false,expert,,,,
Lyngngam-8_barkoftree-1-1,Lyngngam-8_barkoftree-1,snieʔ,8_barkoftree_a,false,expert,,,,
PnarJaintia-8_barkoftree-1-1,PnarJaintia-8_barkoftree-1,sneiʔ,8_barkoftree_a,false,expert,,,,
WarLamin-8_barkoftree-1-1,WarLamin-8_barkoftree-1,snɪəʔ,8_barkoftree_a,false,expert,,,,
Palaung-8_barkoftree-1-1,Palaung-8_barkoftree-1,gɔʔ,8_barkoftree_b,false,expert,,,,
Khmu-8_barkoftree-1-1,Khmu-8_barkoftree-1,səŋkhraʔ,8_barkoftree_c,false,expert,,,,
Khasi-9_because-1-1,Khasi-9_because-1,namar,9_because_a,false,expert,,,,
Lyngngam-9_because-1-1,Lyngngam-9_because-1,amte,9_because_b,false,expert,,,,
PnarJaintia-9_because-1-1,PnarJaintia-9_because-1,neibʰaʔ,9_because_c,false,expert,,,,
WarLamin-9_because-1-1,WarLamin-9_because-1,kaʔ,9_because_d,false,expert,,,,
Khmu-9_because-1-1,Khmu-9_because-1,jɔʔ,9_because_e,false,expert,,,,
Khasi-10_belly-1-1,Khasi-10_belly-1,kpoʔ,10_belly_a,false,expert,,,,
Lyngngam-10_belly-1-1,Lyngngam-10_belly-1,ləwbaʔ,10_belly_b,false,expert,,,,
PnarJaintia-10_belly-1-1,PnarJaintia-10_belly-1,kpɔʔ,10_belly_a,false,expert,,,,
WarLamin-10_belly-1-1,WarLamin-10_belly-1,pɒʔ,10_belly_a,false,expert,,,,
Palaung-10_belly-1-1,Palaung-10_belly-1,vɛʔ,10_belly_c,false,expert,,,,
Khmu-10_belly-1-1,Khmu-10_belly-1,luːj,10_belly_d,false,expert,,,,
Khasi-11_big-1-1,Khasi-11_big-1,heʔ,11_big_a,false,expert,,,,
Lyngngam-11_big-1-1,Lyngngam-11_big-1,kɨmba,11_big_b,false,expert,,,,
PnarJaintia-11_big-1-1,PnarJaintia-11_big-1,hɛʔ,11_big_a,false,expert,,,,
WarLamin-11_big-1-1,WarLamin-11_big-1,mɪa,11_big_b,false,expert,,,,
Palaung-11_big-1-1,Palaung-11_big-1,daŋ,11_big_c,false,expert,,,,
Khmu-11_big-1-1,Khmu-11_big-1,hnam,11_big_d,false,expert,,,,
Khasi-12_bird-1-1,Khasi-12_bird-1,sim,12_bird_a,false,expert,,,,
Lyngngam-12_bird-1-1,Lyngngam-12_bird-1,sim,12_bird_a,false,expert,,,,
PnarJaintia-12_bird-1-1,PnarJaintia-12_bird-1,sim,12_bird_a,false,expert,,,,
WarLamin-12_bird-1-1,WarLamin-12_bird-1,ksem,12_bird_a,false,expert,,,,
Palaung-12_bird-1-1,Palaung-12_bird-1,sim,12_bird_a,false,expert,,,,
Khmu-12_bird-1-1,Khmu-12_bird-1,siːm,12_bird_a,false,expert,,,,
Khasi-13_tobite-1-1,Khasi-13_tobite-1,daʲt,13_tobite_a,false,expert,,,,
Lyngngam-13_tobite-1-1,Lyngngam-13_tobite-1,kɨnnap,13_tobite_b,false,expert,,,,
PnarJaintia-13_tobite-1-1,PnarJaintia-13_tobite-1,dait,13_tobite_a,false,expert,,,,
WarLamin-13_tobite-1-1,WarLamin-13_tobite-1,hit,13_tobite_c,false,expert,,,,
Palaung-13_tobite-1-1,Palaung-13_tobite-1,gaʔ,13_tobite_d,false,expert,,,,
Khmu-13_tobite-1-1,Khmu-13_tobite-1,pok,13_tobite_e,false,expert,,,,
Khasi-14_black-1-1,Khasi-14_black-1,joŋ,14_black_a,false,expert,,,,
Lyngngam-14_black-1-1,Lyngngam-14_black-1,ɨnɲoŋ,14_black_a,false,expert,,,,
PnarJaintia-14_black-1-1,PnarJaintia-14_black-1,jɔŋ,14_black_a,false,expert,,,,
WarLamin-14_black-1-1,WarLamin-14_black-1,priŋ,14_black_b,false,expert,,,,
Palaung-14_black-1-1,Palaung-14_black-1,jəm,14_black_c,false,expert,,,,
Khmu-14_black-1-1,Khmu-14_black-1,hiəŋ,14_black_d,false,expert,,,,
Khasi-15_blood-1-1,Khasi-15_blood-1,snam,15_blood_a,false,expert,,,,
Lyngngam-15_blood-1-1,Lyngngam-15_blood-1,snam,15_blood_a,false,expert,,,,
PnarJaintia-15_blood-1-1,PnarJaintia-15_blood-1,snam,15_blood_a,false,expert,,,,
WarLamin-15_blood-1-1,WarLamin-15_blood-1,rnʊə,15_blood_a,false,expert,,,,
Palaung-15_blood-1-1,Palaung-15_blood-1,hnam,15_blood_a,false,expert,,,,
Khmu-15_blood-1-1,Khmu-15_blood-1,maːm,15_blood_a,false,expert,,,,
Khasi-16_blow-1-1,Khasi-16_blow-1,pɨrsat,16_blow_a,false,expert,,,,
Lyngngam-16_blow-1-1,Lyngngam-16_blow-1,pʰɨnnur,16_blow_b,false,expert,,,,
PnarJaintia-16_blow-1-1,PnarJaintia-16_blow-1,slu,16_blow_c,false,expert,,,,
WarLamin-16_blow-1-1,WarLamin-16_blow-1,pet,16_blow_d,false,expert,,,,
Palaung-16_blow-1-1,Palaung-16_blow-1,put,16_blow_d,false,expert,,,,
Khmu-16_blow-1-1,Khmu-16_blow-1,hur,16_blow_e,false,expert,,,,
Khasi-17_bone-1-1,Khasi-17_bone-1,ʃʔeŋ,17_bone_a,false,expert,,,,
Lyngngam-17_bone-1-1,Lyngngam-17_bone-1,cʔeŋ,17_bone_a,false,expert,,,,
PnarJaintia-17_bone-1-1,PnarJaintia-17_bone-1,ʧʔeiɲ,17_bone_a,false,expert,,,,
WarLamin-17_bone-1-1,WarLamin-17_bone-1,ʧɪəʔ,17_bone_a,false,expert,,,,
Palaung-17_bone-1-1,Palaung-17_bone-1,kəʔaŋ,17_bone_a,false,expert,,,,
Khmu-17_bone-1-1,Khmu-17_bone-1,cəʔaːŋ,17_bone_a,false,expert,,,,
Khasi-18_breathe-1-1,Khasi-18_breathe-1,riŋ mɨnsiem,18_breathe_a,false,expert,,,,
Lyngngam-18_breathe-1-1,Lyngngam-18_breathe-1,riŋ ɨnsom,18_breathe_a,false,expert,,,,
PnarJaintia-18_breathe-1-1,PnarJaintia-18_breathe-1,rɪɲ mn̩seim,18_breathe_a,false,expert,,,,
WarLamin-18_breathe-1-1,WarLamin-18_breathe-1,reŋ hənsʊ,18_breathe_a,false,expert,,,,
Palaung-18_breathe-1-1,Palaung-18_breathe-1,pʰɯm,18_breathe_a,false,expert,,,,
Khmu-18_breathe-1-1,Khmu-18_breathe-1,hrɲɨəm,18_breathe_a,false,expert,,,,
Khasi-19_burn-1-1,Khasi-19_burn-1,tʰaŋ,19_burn_a,false,expert,,,,
Lyngngam-19_burn-1-1,Lyngngam-19_burn-1,ɨntʰaŋ,19_burn_a,false,expert,,,,
PnarJaintia-19_burn-1-1,PnarJaintia-19_burn-1,tʰaŋ,19_burn_a,false,expert,,,,
WarLamin-19_burn-1-1,WarLamin-19_burn-1,ɵaŋ,19_burn_a,false,expert,,,,
Palaung-19_burn-1-1,Palaung-19_burn-1,gut,19_burn_b,false,expert,,,,
Khmu-19_burn-1-1,Khmu-19_burn-1,pɔːk,19_burn_c,false,expert,,,,
Khasi-20_child-1-1,Khasi-20_child-1,kʰun,20_child_a,false,expert,,,,
Lyngngam-20_child-1-1,Lyngngam-20_child-1,kʰon,20_child_a,false,expert,,,,
PnarJaintia-20_child-1-1,PnarJaintia-20_child-1,kʰɔn,20_child_a,false,expert,,,,
WarLamin-20_child-1-1,WarLamin-20_child-1,hʊn,20_child_a,false,expert,,,,
Palaung-20_child-1-1,Palaung-20_child-1,kuən,20_child_a,false,expert,,,,
Khmu-20_child-1-1,Khmu-20_child-1,kɔːn,20_child_a,false,expert,,,,
Khasi-21_cloud-1-1,Khasi-21_cloud-1,lʔoʔ,21_cloud_a,false,expert,,,,
Lyngngam-21_cloud-1-1,Lyngngam-21_cloud-1,lʔoʔ,21_cloud_a,false,expert,,,,
PnarJaintia-21_cloud-1-1,PnarJaintia-21_cloud-1,lʔɔʔ,21_cloud_a,false,expert,,,,
WarLamin-21_cloud-1-1,WarLamin-21_cloud-1,ləmpem,21_cloud_b,false,expert,,,,
Palaung-21_cloud-1-1,Palaung-21_cloud-1,ut,21_cloud_c,false,expert,,,,
Khmu-21_cloud-1-1,Khmu-21_cloud-1,həmpuːt,21_cloud_d,false,expert,,,,
Khasi-22_cold-1-1,Khasi-22_cold-1,kʰriat,22_cold_a,false,expert,,,,
Lyngngam-22_cold-1-1,Lyngngam-22_cold-1,bɨnsir,22_cold_b,false,expert,,,,
PnarJaintia-22_cold-1-1,PnarJaintia-22_cold-1,kdʒam,22_cold_c,false,expert,,,,
WarLamin-22_cold-1-1,WarLamin-22_cold-1,ktjam,22_cold_c,false,expert,,,,
Palaung-22_cold-1-1,Palaung-22_cold-1,kat,22_cold_d,false,expert,,,,
Khmu-22_cold-1-1,Khmu-22_cold-1,huːc,22_cold_e,false,expert,,,,
Khasi-23_come-1-1,Khasi-23_come-1,wan,23_come_a,false,expert,,,,
Lyngngam-23_come-1-1,Lyngngam-23_come-1,lɨnnar,23_come_b,false,expert,,,,
PnarJaintia-23_come-1-1,PnarJaintia-23_come-1,wan,23_come_a,false,expert,,,,
WarLamin-23_come-1-1,WarLamin-23_come-1,va,23_come_a,false,expert,,,,
Palaung-23_come-1-1,Palaung-23_come-1,hluh,23_come_c,false,expert,,,,
Khmu-23_come-1-1,Khmu-23_come-1,gaːj,23_come_d,false,expert,,,,
Khasi-24_count-1-1,Khasi-24_count-1,ɲjaw,24_count_a,false,expert,,,,
Lyngngam-24_count-1-1,Lyngngam-24_count-1,cʰɨnnan,24_count_b,false,expert,,,,
PnarJaintia-24_count-1-1,PnarJaintia-24_count-1,niaw,24_count_a,false,expert,,,,
WarLamin-24_count-1-1,WarLamin-24_count-1,ʧaː,24_count_c,false,expert,,,,
Palaung-24_count-1-1,Palaung-24_count-1,dir,24_count_d,false,expert,,,,
Khmu-24_count-1-1,Khmu-24_count-1,nap,24_count_e,false,expert,,,,
Khasi-25_cut-1-1,Khasi-25_cut-1,kʰap,25_cut_a,false,expert,,,,
Lyngngam-25_cut-1-1,Lyngngam-25_cut-1,kʰɨnnap,25_cut_a,false,expert,,,,
PnarJaintia-25_cut-1-1,PnarJaintia-25_cut-1,aʔ,25_cut_b,false,expert,,,,
WarLamin-25_cut-1-1,WarLamin-25_cut-1,pam,25_cut_c,false,expert,,,,
Palaung-25_cut-1-1,Palaung-25_cut-1,set,25_cut_d,false,expert,,,,
Khmu-25_cut-1-1,Khmu-25_cut-1,paːt,25_cut_e,false,expert,,,,
Khasi-26_day-1-1,Khasi-26_day-1,sŋi,26_day_a,false,expert,,,,
Lyngngam-26_day-1-1,Lyngngam-26_day-1,sŋej,26_day_a,false,expert,,,,
PnarJaintia-26_day-1-1,PnarJaintia-26_day-1,sŋi,26_day_a,false,expert,,,,
WarLamin-26_day-1-1,WarLamin-26_day-1,ʃŋaː,26_day_a,false,expert,,,,
Palaung-26_day-1-1,Palaung-26_day-1,səŋi,26_day_a,false,expert,,,,
Khmu-26_day-1-1,Khmu-26_day-1,siʔ,26_day_b,false,expert,,,,
Khasi-27_die-1-1,Khasi-27_die-1,jap,27_die_a,false,expert,,,,
Lyngngam-27_die-1-1,Lyngngam-27_die-1,ɲinnap,27_die_a,false,expert,,,,
PnarJaintia-27_die-1-1,PnarJaintia-27_die-1,jap,27_die_a,false,expert,,,,
WarLamin-27_die-1-1,WarLamin-27_die-1,jip,27_die_a,false,expert,,,,
Palaung-27_die-1-1,Palaung-27_die-1,jəm,27_die_b,false,expert,,,,
Khmu-27_die-1-1,Khmu-27_die-1,haːn,27_die_c,false,expert,,,,
Khasi-28_dig-1-1,Khasi-28_dig-1,tiʔ,28_dig_a,false,expert,,,,
Lyngngam-28_dig-1-1,Lyngngam-28_dig-1,tɨnniet,28_dig_a,false,expert,,,,
PnarJaintia-28_dig-1-1,PnarJaintia-28_dig-1,tiʔ,28_dig_a,false,expert,,,,
WarLamin-28_dig-1-1,WarLamin-28_dig-1,tɪəʔ,28_dig_a,false,expert,,,,
Palaung-28_dig-1-1,Palaung-28_dig-1,puər,28_dig_b,false,expert,,,,
Khmu-28_dig-1-1,Khmu-28_dig-1,kʰɨəŋ,28_dig_c,false,expert,,,,
Khasi-29_dirty-1-1,Khasi-29_dirty-1,ɟaboʔ,29_dirty_a,false,expert,,,,
Lyngngam-29_dirty-1-1,Lyngngam-29_dirty-1,dɨmmut,29_dirty_b,false,expert,,,,
PnarJaintia-29_dirty-1-1,PnarJaintia-29_dirty-1,taroj,29_dirty_c,false,expert,,,,
WarLamin-29_dirty-1-1,WarLamin-29_dirty-1,ʧəmet,29_dirty_d,false,expert,,,,
Palaung-29_dirty-1-1,Palaung-29_dirty-1,ɟu ɟu,29_dirty_e,false,expert,,,,
Khmu-29_dirty-1-1,Khmu-29_dirty-1,ruk,29_dirty_f,false,expert,,,,
Khasi-30_dog-1-1,Khasi-30_dog-1,ksew,30_dog_a,false,expert,,,,
Lyngngam-30_dog-1-1,Lyngngam-30_dog-1,ksu,30_dog_a,false,expert,,,,
PnarJaintia-30_dog-1-1,PnarJaintia-30_dog-1,ksaw,30_dog_a,false,expert,,,,
WarLamin-30_dog-1-1,WarLamin-30_dog-1,ksɪa,30_dog_a,false,expert,,,,
Palaung-30_dog-1-1,Palaung-30_dog-1,sɔ,30_dog_a,false,expert,,,,
Khmu-30_dog-1-1,Khmu-30_dog-1,sɔʔ,30_dog_a,false,expert,,,,
Khasi-31_drink-1-1,Khasi-31_drink-1,diʔ,31_drink_a,false,expert,,,,
Lyngngam-31_drink-1-1,Lyngngam-31_drink-1,dɨnniet,31_drink_a,false,expert,,,,
PnarJaintia-31_drink-1-1,PnarJaintia-31_drink-1,diʔ,31_drink_a,false,expert,,,,
WarLamin-31_drink-1-1,WarLamin-31_drink-1,deʔ,31_drink_a,false,expert,,,,
Palaung-31_drink-1-1,Palaung-31_drink-1,teəŋ,31_drink_b,false,expert,,,,
Khmu-31_drink-1-1,Khmu-31_drink-1,ʔɨək,31_drink_c,false,expert,,,,
Khasi-32_dry-1-1,Khasi-32_dry-1,rkʰiaŋ,32_dry_a,false,expert,,,,
Lyngngam-32_dry-1-1,Lyngngam-32_dry-1,riəŋkʰoŋ,32_dry_a,false,expert,,,,
PnarJaintia-32_dry-1-1,PnarJaintia-32_dry-1,raw,32_dry_b,false,expert,,,,
WarLamin-32_dry-1-1,WarLamin-32_dry-1,rhɪəŋ,32_dry_a,false,expert,,,,
Palaung-32_dry-1-1,Palaung-32_dry-1,raj,32_dry_c,false,expert,,,,
Khmu-32_dry-1-1,Khmu-32_dry-1,həntaŋ,32_dry_d,false,expert,,,,
Khasi-33_dullblunt-1-1,Khasi-33_dullblunt-1,isiʔ,33_dullblunt_a,false,expert,,,,
Lyngngam-33_dullblunt-1-1,Lyngngam-33_dullblunt-1,ɟosmoʲt,33_dullblunt_b,false,expert,,,,
PnarJaintia-33_dullblunt-1-1,PnarJaintia-33_dullblunt-1,tʰla,33_dullblunt_c,false,expert,,,,
WarLamin-33_dullblunt-1-1,WarLamin-33_dullblunt-1,len,33_dullblunt_d,false,expert,,,,
Khmu-33_dullblunt-1-1,Khmu-33_dullblunt-1,daːl,33_dullblunt_e,false,expert,,,,
Khasi-34_dust-1-1,Khasi-34_dust-1,pum-pum,34_dust_a,false,expert,,,,
Lyngngam-34_dust-1-1,Lyngngam-34_dust-1,pum-pum,,false,expert,,,,
PnarJaintia-34_dust-1-1,PnarJaintia-34_dust-1,dʒl̩pʰoʔ,34_dust_b,false,expert,,,,
WarLamin-34_dust-1-1,WarLamin-34_dust-1,tjəlpʰʊʔ,34_dust_b,false,expert,,,,
Palaung-34_dust-1-1,Palaung-34_dust-1,kərboh,34_dust_c,false,expert,,,,
Khmu-34_dust-1-1,Khmu-34_dust-1,bɔh,34_dust_c,false,expert,,,,
Khasi-35_ear-1-1,Khasi-35_ear-1,ʃkor,35_ear_a,false,expert,,,,
Lyngngam-35_ear-1-1,Lyngngam-35_ear-1,ləkur,35_ear_a,false,expert,,,,
PnarJaintia-35_ear-1-1,PnarJaintia-35_ear-1,tʃkɔr,35_ear_a,false,expert,,,,
WarLamin-35_ear-1-1,WarLamin-35_ear-1,təraŋ,35_ear_b,false,expert,,,,
Palaung-35_ear-1-1,Palaung-35_ear-1,hjɔɁ,35_ear_c,false,expert,,,,
Khmu-35_ear-1-1,Khmu-35_ear-1,rməːj,35_ear_d,false,expert,,,,
Khasi-36_earth-1-1,Khasi-36_earth-1,kʰɨndew,36_earth_a,false,expert,,,,
Lyngngam-36_earth-1-1,Lyngngam-36_earth-1,kmiəŋ,36_earth_b,false,expert,,,,
PnarJaintia-36_earth-1-1,PnarJaintia-36_earth-1,kʰndaw,36_earth_c,false,expert,,,,
WarLamin-36_earth-1-1,WarLamin-36_earth-1,pәrθa,,false,expert,,,,
Palaung-36_earth-1-1,Palaung-36_earth-1,kətɛ,36_earth_d,false,expert,,,,
Khmu-36_earth-1-1,Khmu-36_earth-1,pəteʔ,36_earth_d,false,expert,,,,
Khasi-37_eat-1-1,Khasi-37_eat-1,baːm,37_eat_a,false,expert,,,,
Lyngngam-37_eat-1-1,Lyngngam-37_eat-1,bɨnnəŋ,37_eat_a,false,expert,,,,
PnarJaintia-37_eat-1-1,PnarJaintia-37_eat-1,bam,37_eat_a,false,expert,,,,
WarLamin-37_eat-1-1,WarLamin-37_eat-1,bʊə,37_eat_a,false,expert,,,,
Palaung-37_eat-1-1,Palaung-37_eat-1,hap,37_eat_c,false,expert,,,,
Khmu-37_eat-1-1,Khmu-37_eat-1,mah,37_eat_d,false,expert,,,,
Khasi-38_egg-1-1,Khasi-38_egg-1,pɨlleŋ,38_egg_a,false,expert,,,,
Lyngngam-38_egg-1-1,Lyngngam-38_egg-1,pɨllɨŋ,38_egg_a,false,expert,,,,
PnarJaintia-38_egg-1-1,PnarJaintia-38_egg-1,pl̩leiɲ,38_egg_a,false,expert,,,,
WarLamin-38_egg-1-1,WarLamin-38_egg-1,sʔі,38_egg_b,false,expert,,,,
Palaung-38_egg-1-1,Palaung-38_egg-1,kətəm,38_egg_c,false,expert,,,,
Khmu-38_egg-1-1,Khmu-38_egg-1,kədoŋ,38_egg_d,false,expert,,,,
Khasi-39_eye-1-1,Khasi-39_eye-1,kʰmat,39_eye_a,false,expert,,,,
Lyngngam-39_eye-1-1,Lyngngam-39_eye-1,kʰmat,39_eye_a,false,expert,,,,
PnarJaintia-39_eye-1-1,PnarJaintia-39_eye-1,kʰmat,39_eye_a,false,expert,,,,
WarLamin-39_eye-1-1,WarLamin-39_eye-1,mat,39_eye_a,false,expert,,,,
Palaung-39_eye-1-1,Palaung-39_eye-1,ŋaj,39_eye_b,false,expert,,,,
Khmu-39_eye-1-1,Khmu-39_eye-1,mat,39_eye_a,false,expert,,,,
Khasi-40_tofall-1-1,Khasi-40_tofall-1,hap,40_tofall_a,false,expert,,,,
Lyngngam-40_tofall-1-1,Lyngngam-40_tofall-1,eŋaj,40_tofall_b,false,expert,,,,
PnarJaintia-40_tofall-1-1,PnarJaintia-40_tofall-1,hap,40_tofall_a,false,expert,,,,
WarLamin-40_tofall-1-1,WarLamin-40_tofall-1,hərem,40_tofall_c,false,expert,,,,
Palaung-40_tofall-1-1,Palaung-40_tofall-1,rar,40_tofall_d,false,expert,,,,
Khmu-40_tofall-1-1,Khmu-40_tofall-1,grɔːj,40_tofall_e,false,expert,,,,
Khasi-41_far-1-1,Khasi-41_far-1,ɟŋaj,41_far_a,false,expert,,,,
Lyngngam-41_far-1-1,Lyngngam-41_far-1,ɟŋi,41_far_a,false,expert,,,,
PnarJaintia-41_far-1-1,PnarJaintia-41_far-1,dʒŋai,41_far_a,false,expert,,,,
WarLamin-41_far-1-1,WarLamin-41_far-1,ʧŋʊ,41_far_a,false,expert,,,,
Palaung-41_far-1-1,Palaung-41_far-1,səŋaj,41_far_a,false,expert,,,,
Khmu-41_far-1-1,Khmu-41_far-1,ɟaːr,41_far_b,false,expert,,,,
Khasi-42_fatgrease-1-1,Khasi-42_fatgrease-1,sŋaːʲd,42_fatgrease_a,false,expert,,,,
Lyngngam-42_fatgrease-1-1,Lyngngam-42_fatgrease-1,ɨmmir,42_fatgrease_b,false,expert,,,,
PnarJaintia-42_fatgrease-1-1,PnarJaintia-42_fatgrease-1,kʰlaɲ,42_fatgrease_c,false,expert,,,,
WarLamin-42_fatgrease-1-1,WarLamin-42_fatgrease-1,ləʔɒt,42_fatgrease_d,false,expert,,,,
Palaung-42_fatgrease-1-1,Palaung-42_fatgrease-1,kəmu,42_fatgrease_e,false,expert,,,,
Khmu-42_fatgrease-1-1,Khmu-42_fatgrease-1,məːj,42_fatgrease_f,false,expert,,,,
Khasi-43_father-1-1,Khasi-43_father-1,kpa,43_father_a,false,expert,,,,
Lyngngam-43_father-1-1,Lyngngam-43_father-1,pa,43_father_a,false,expert,,,,
PnarJaintia-43_father-1-1,PnarJaintia-43_father-1,pa,43_father_a,false,expert,,,,
WarLamin-43_father-1-1,WarLamin-43_father-1,pa,43_father_a,false,expert,,,,
Palaung-43_father-1-1,Palaung-43_father-1,kun,43_father_b,false,expert,,,,
Khmu-43_father-1-1,Khmu-43_father-1,joŋ,43_father_c,false,expert,,,,
Khasi-44_tofear-1-1,Khasi-44_tofear-1,ʃeptieŋ,44_tofear_a,false,expert,,,,
Lyngngam-44_tofear-1-1,Lyngngam-44_tofear-1,tieŋ dait,44_tofear_a,false,expert,,,,
PnarJaintia-44_tofear-1-1,PnarJaintia-44_tofear-1,teʲɲ,44_tofear_a,false,expert,,,,
WarLamin-44_tofear-1-1,WarLamin-44_tofear-1,ktɪәŋ,44_tofear_a,false,expert,,,,
Palaung-44_tofear-1-1,Palaung-44_tofear-1,jɔ,44_tofear_b,false,expert,,,,
Khmu-44_tofear-1-1,Khmu-44_tofear-1,hŋkɨər,44_tofear_c,false,expert,,,,
Khasi-45_feather-1-1,Khasi-45_feather-1,sner,45_feather_a,false,expert,,,,
Lyngngam-45_feather-1-1,Lyngngam-45_feather-1,snir,45_feather_a,false,expert,,,,
PnarJaintia-45_feather-1-1,PnarJaintia-45_feather-1,tʰawanɛr,45_feather_a,false,expert,,,,
WarLamin-45_feather-1-1,WarLamin-45_feather-1,θәbәnɪar,45_feather_a,false,expert,,,,
Khmu-45_feather-1-1,Khmu-45_feather-1,khuːl,45_feather_b,false,expert,,,,
Khasi-46_few-1-1,Khasi-46_few-1,kʰɨn-diat,46_few_a,false,expert,,,,
Lyngngam-46_few-1-1,Lyngngam-46_few-1,tah-diat,46_few_a,false,expert,,,,
PnarJaintia-46_few-1-1,PnarJaintia-46_few-1,kʰadʒʲak,46_few_b,false,expert,,,,
Palaung-46_few-1-1,Palaung-46_few-1,bre,46_few_c,false,expert,,,,
Khmu-46_few-1-1,Khmu-46_few-1,laːŋ,46_few_d,false,expert,,,,
Khasi-47_tofight-1-1,Khasi-47_tofight-1,jaʃoʔ,47_tofight_a,false,expert,,,,
Lyngngam-47_tofight-1-1,Lyngngam-47_tofight-1,jamuʔ,47_tofight_b,false,expert,,,,
PnarJaintia-47_tofight-1-1,PnarJaintia-47_tofight-1,jatʃɔʔ,47_tofight_a,false,expert,,,,
WarLamin-47_tofight-1-1,WarLamin-47_tofight-1,jaʔ dat,,false,expert,,,,
Palaung-47_tofight-1-1,Palaung-47_tofight-1,taik,47_tofight_c,false,expert,,,,
Khmu-47_tofight-1-1,Khmu-47_tofight-1,leːw,47_tofight_d,false,expert,,,,
Khasi-48_fire-1-1,Khasi-48_fire-1,diŋ,48_fire_a,false,expert,,,,
Lyngngam-48_fire-1-1,Lyngngam-48_fire-1,ədoɲ,48_fire_a,false,expert,,,,
PnarJaintia-48_fire-1-1,PnarJaintia-48_fire-1,diɲ,48_fire_a,false,expert,,,,
WarLamin-48_fire-1-1,WarLamin-48_fire-1,ʃmen,48_fire_b,false,expert,,,,
Palaung-48_fire-1-1,Palaung-48_fire-1,ŋər,48_fire_c,false,expert,,,,
Khmu-48_fire-1-1,Khmu-48_fire-1,pʰrɨə,48_fire_d,false,expert,,,,
Khasi-49_fish-1-1,Khasi-49_fish-1,doʔkʰa,49_fish_a,false,expert,,,,
Lyngngam-49_fish-1-1,Lyngngam-49_fish-1,kʰa,49_fish_a,false,expert,,,,
PnarJaintia-49_fish-1-1,PnarJaintia-49_fish-1,dakʰa,49_fish_a,false,expert,,,,
WarLamin-49_fish-1-1,WarLamin-49_fish-1,hi,49_fish_a,false,expert,,,,
Palaung-49_fish-1-1,Palaung-49_fish-1,ka,49_fish_a,false,expert,,,,
Khmu-49_fish-1-1,Khmu-49_fish-1,kaʔ,49_fish_a,false,expert,,,,
Khasi-50_five-1-1,Khasi-50_five-1,san,50_five_a,false,expert,,,,
Lyngngam-50_five-1-1,Lyngngam-50_five-1,san,50_five_a,false,expert,,,,
PnarJaintia-50_five-1-1,PnarJaintia-50_five-1,san,50_five_a,false,expert,,,,
WarLamin-50_five-1-1,WarLamin-50_five-1,ran,50_five_a,false,expert,,,,
Palaung-50_five-1-1,Palaung-50_five-1,pʰən,50_five_a,false,expert,,,,
Khmu-50_five-1-1,Khmu-50_five-1,haː,,false,expert,,,,
Khasi-51_tofloat-1-1,Khasi-51_tofloat-1,per,51_tofloat_a,false,expert,,,,
Lyngngam-51_tofloat-1-1,Lyngngam-51_tofloat-1,raŋ,51_tofloat_b,false,expert,,,,
PnarJaintia-51_tofloat-1-1,PnarJaintia-51_tofloat-1,pɛr,51_tofloat_a,false,expert,,,,
WarLamin-51_tofloat-1-1,WarLamin-51_tofloat-1,sper,51_tofloat_a,false,expert,,,,
Palaung-51_tofloat-1-1,Palaung-51_tofloat-1,plɯr,51_tofloat_c,false,expert,,,,
Khmu-51_tofloat-1-1,Khmu-51_tofloat-1,hrloːj,51_tofloat_d,false,expert,,,,
Khasi-52_toflow-1-1,Khasi-52_toflow-1,tuːʲd,52_toflow_a,false,expert,,,,
Lyngngam-52_toflow-1-1,Lyngngam-52_toflow-1,sɨn-toːʲd,52_toflow_a,false,expert,,,,
PnarJaintia-52_toflow-1-1,PnarJaintia-52_toflow-1,toːʲd,52_toflow_a,false,expert,,,,
WarLamin-52_toflow-1-1,WarLamin-52_toflow-1,pɒr,52_toflow_b,false,expert,,,,
Palaung-52_toflow-1-1,Palaung-52_toflow-1,hlaj,52_toflow_c,false,expert,,,,
Khmu-52_toflow-1-1,Khmu-52_toflow-1,kɔːr,52_toflow_d,false,expert,,,,
Khasi-53_flower-1-1,Khasi-53_flower-1,sɨntiew,53_flower_a,false,expert,,,,
Lyngngam-53_flower-1-1,Lyngngam-53_flower-1,sɨntew,53_flower_a,false,expert,,,,
PnarJaintia-53_flower-1-1,PnarJaintia-53_flower-1,sn̩tu,53_flower_a,false,expert,,,,
WarLamin-53_flower-1-1,WarLamin-53_flower-1,khlʊə,53_flower_b,false,expert,,,,
Palaung-53_flower-1-1,Palaung-53_flower-1,poh,53_flower_c,false,expert,,,,
Khmu-53_flower-1-1,Khmu-53_flower-1,raːŋ,53_flower_d,false,expert,,,,
Khasi-54_tofly-1-1,Khasi-54_tofly-1,her,54_tofly_a,false,expert,,,,
Lyngngam-54_tofly-1-1,Lyngngam-54_tofly-1,kɨndej,54_tofly_b,false,expert,,,,
PnarJaintia-54_tofly-1-1,PnarJaintia-54_tofly-1,pn̩hɛr,54_tofly_a,false,expert,,,,
WarLamin-54_tofly-1-1,WarLamin-54_tofly-1,pɪar,54_tofly_c,false,expert,,,,
Palaung-54_tofly-1-1,Palaung-54_tofly-1,pər,54_tofly_c,false,expert,,,,
Khmu-54_tofly-1-1,Khmu-54_tofly-1,tɨːr,54_tofly_e,false,expert,,,,
Khasi-55_fog-1-1,Khasi-55_fog-1,dum-lʔoʔ,55_fog_a,false,expert,,,,
Lyngngam-55_fog-1-1,Lyngngam-55_fog-1,nioŋ nia,55_fog_b,false,expert,,,,
PnarJaintia-55_fog-1-1,PnarJaintia-55_fog-1,lʔɔʔ kʰn̩daw,55_fog_c,false,expert,,,,
WarLamin-55_fog-1-1,WarLamin-55_fog-1,dʊm,55_fog_a,false,expert,,,,
Palaung-55_fog-1-1,Palaung-55_fog-1,aj,55_fog_d,false,expert,,,,
Khmu-55_fog-1-1,Khmu-55_fog-1,ʔom hmpuːt,55_fog_e,false,expert,,,,
Khasi-56_foot-1-1,Khasi-56_foot-1,kɟat,56_foot_a,false,expert,,,,
Lyngngam-56_foot-1-1,Lyngngam-56_foot-1,kɟat,56_foot_a,false,expert,,,,
PnarJaintia-56_foot-1-1,PnarJaintia-56_foot-1,kdʒat,56_foot_a,false,expert,,,,
WarLamin-56_foot-1-1,WarLamin-56_foot-1,nɪa,56_foot_b,false,expert,,,,
Palaung-56_foot-1-1,Palaung-56_foot-1,ɟɯŋ,56_foot_c,false,expert,,,,
Khmu-56_foot-1-1,Khmu-56_foot-1,ɟɨəŋ,56_foot_c,false,expert,,,,
Khasi-57_four-1-1,Khasi-57_four-1,saw,57_four_a,false,expert,,,,
Lyngngam-57_four-1-1,Lyngngam-57_four-1,saw,57_four_a,false,expert,,,,
PnarJaintia-57_four-1-1,PnarJaintia-57_four-1,so,57_four_a,false,expert,,,,
WarLamin-57_four-1-1,WarLamin-57_four-1,rɪa,57_four_a,false,expert,,,,
Palaung-57_four-1-1,Palaung-57_four-1,pʰon,57_four_b,false,expert,,,,
Khmu-57_four-1-1,Khmu-57_four-1,puːl,57_four_c,false,expert,,,,
Khasi-58_freeze-1-1,Khasi-58_freeze-1,ʃoʔ tʰaʔ,58_freeze_a,false,expert,,,,
Lyngngam-58_freeze-1-1,Lyngngam-58_freeze-1,tɨŋŋam,58_freeze_b,false,expert,,,,
PnarJaintia-58_freeze-1-1,PnarJaintia-58_freeze-1,tʰaʔ,58_freeze_a,false,expert,,,,
WarLamin-58_freeze-1-1,WarLamin-58_freeze-1,tʰaʔ,58_freeze_a,false,expert,,,,
Palaung-58_freeze-1-1,Palaung-58_freeze-1,krɔʔ,58_freeze_c,false,expert,,,,
Khasi-59_fruit-1-1,Khasi-59_fruit-1,soʔ,59_fruit_a,false,expert,,,,
Lyngngam-59_fruit-1-1,Lyngngam-59_fruit-1,suʔ,59_fruit_a,false,expert,,,,
PnarJaintia-59_fruit-1-1,PnarJaintia-59_fruit-1,sɔʔ,59_fruit_a,false,expert,,,,
WarLamin-59_fruit-1-1,WarLamin-59_fruit-1,sɒʔ,59_fruit_a,false,expert,,,,
Palaung-59_fruit-1-1,Palaung-59_fruit-1,ple,59_fruit_b,false,expert,,,,
Khmu-59_fruit-1-1,Khmu-59_fruit-1,pleʔ,59_fruit_b,false,expert,,,,
Khasi-60_give-1-1,Khasi-60_give-1,aj,60_give_a,false,expert,,,,
Lyngngam-60_give-1-1,Lyngngam-60_give-1,ɨnnaj,60_give_a,false,expert,,,,
PnarJaintia-60_give-1-1,PnarJaintia-60_give-1,e,60_give_a,false,expert,,,,
WarLamin-60_give-1-1,WarLamin-60_give-1,ʔaː,60_give_a,false,expert,,,,
Palaung-60_give-1-1,Palaung-60_give-1,dɛh,60_give_b,false,expert,,,,
Khmu-60_give-1-1,Khmu-60_give-1,ʔan,60_give_c,false,expert,,,,
Khasi-61_good-1-1,Khasi-61_good-1,bʰa,,false,expert,,,,
Lyngngam-61_good-1-1,Lyngngam-61_good-1,mɨrrʰiaŋ,61_good_a,false,expert,,,,
PnarJaintia-61_good-1-1,PnarJaintia-61_good-1,bʰa,,false,expert,,,,
WarLamin-61_good-1-1,WarLamin-61_good-1,mɪət,61_good_b,false,expert,,,,
Palaung-61_good-1-1,Palaung-61_good-1,laʔ,61_good_c,false,expert,,,,
Khmu-61_good-1-1,Khmu-61_good-1,ləʔ,61_good_c,false,expert,,,,
Khasi-62_grass-1-1,Khasi-62_grass-1,pʰlaŋ,62_grass_a,false,expert,,,,
Lyngngam-62_grass-1-1,Lyngngam-62_grass-1,pʰlaŋ,62_grass_a,false,expert,,,,
PnarJaintia-62_grass-1-1,PnarJaintia-62_grass-1,pʰlaŋ,62_grass_a,false,expert,,,,
WarLamin-62_grass-1-1,WarLamin-62_grass-1,smʊt,62_grass_b,false,expert,,,,
Palaung-62_grass-1-1,Palaung-62_grass-1,kərban,62_grass_c,false,expert,,,,
Khmu-62_grass-1-1,Khmu-62_grass-1,cit,62_grass_d,false,expert,,,,
Khasi-63_green-1-1,Khasi-63_green-1,ɟɨrŋam,63_green_a,false,expert,,,,
Lyngngam-63_green-1-1,Lyngngam-63_green-1,sɨŋiəŋ,63_green_a,false,expert,,,,
PnarJaintia-63_green-1-1,PnarJaintia-63_green-1,jr̩ŋam,63_green_a,false,expert,,,,
WarLamin-63_green-1-1,WarLamin-63_green-1,ʧərŋam,63_green_a,false,expert,,,,
Palaung-63_green-1-1,Palaung-63_green-1,ɲər,63_green_b,false,expert,,,,
Khmu-63_green-1-1,Khmu-63_green-1,siːw,63_green_c,false,expert,,,,
Khasi-64_gutsintestines-1-1,Khasi-64_gutsintestines-1,snier,64_gutsintestines_a,false,expert,,,,
Lyngngam-64_gutsintestines-1-1,Lyngngam-64_gutsintestines-1,snor,64_gutsintestines_a,false,expert,,,,
PnarJaintia-64_gutsintestines-1-1,PnarJaintia-64_gutsintestines-1,snɛr,64_gutsintestines_a,false,expert,,,,
WarLamin-64_gutsintestines-1-1,WarLamin-64_gutsintestines-1,nɒr,64_gutsintestines_a,false,expert,,,,
Palaung-64_gutsintestines-1-1,Palaung-64_gutsintestines-1,rɛŋ,64_gutsintestines_b,false,expert,,,,
Khmu-64_gutsintestines-1-1,Khmu-64_gutsintestines-1,ʰriəŋ,64_gutsintestines_b,false,expert,,,,
Khasi-65_hair-1-1,Khasi-65_hair-1,sɲiuʔ,65_hair_a,false,expert,,,,
Lyngngam-65_hair-1-1,Lyngngam-65_hair-1,sɲiək,65_hair_a,false,expert,,,,
PnarJaintia-65_hair-1-1,PnarJaintia-65_hair-1,sɲʲoʔ,65_hair_a,false,expert,,,,
WarLamin-65_hair-1-1,WarLamin-65_hair-1,sʊʔ,65_hair_a,false,expert,,,,
Palaung-65_hair-1-1,Palaung-65_hair-1,huʔ,65_hair_a,false,expert,,,,
Khmu-65_hair-1-1,Khmu-65_hair-1,kʰuːl,65_hair_b,false,expert,,,,
Khasi-66_hand-1-1,Khasi-66_hand-1,kti,66_hand_a,false,expert,,,,
Lyngngam-66_hand-1-1,Lyngngam-66_hand-1,ktej,66_hand_a,false,expert,,,,
PnarJaintia-66_hand-1-1,PnarJaintia-66_hand-1,kti,66_hand_a,false,expert,,,,
WarLamin-66_hand-1-1,WarLamin-66_hand-1,taː,66_hand_a,false,expert,,,,
Palaung-66_hand-1-1,Palaung-66_hand-1,ti,66_hand_a,false,expert,,,,
Khmu-66_hand-1-1,Khmu-66_hand-1,tiʔ,66_hand_a,false,expert,,,,
Khasi-67_he-1-1,Khasi-67_he-1,u,67_he_a,false,expert,,,,
Lyngngam-67_he-1-1,Lyngngam-67_he-1,ɟutuʔ,67_he_a,false,expert,,,,
PnarJaintia-67_he-1-1,PnarJaintia-67_he-1,u,67_he_a,false,expert,,,,
WarLamin-67_he-1-1,WarLamin-67_he-1,u,67_he_a,false,expert,,,,
Palaung-67_he-1-1,Palaung-67_he-1,ən,67_he_b,false,expert,,,,
Khmu-67_he-1-1,Khmu-67_he-1,gəː,67_he_c,false,expert,,,,
Khasi-68_head-1-1,Khasi-68_head-1,kʰlieʔ,68_head_a,false,expert,,,,
Lyngngam-68_head-1-1,Lyngngam-68_head-1,kʰliʔ,68_head_a,false,expert,,,,
PnarJaintia-68_head-1-1,PnarJaintia-68_head-1,kʰleiʔ,68_head_a,false,expert,,,,
WarLamin-68_head-1-1,WarLamin-68_head-1,kʰlɪa,68_head_a,false,expert,,,,
Palaung-68_head-1-1,Palaung-68_head-1,kiŋ,68_head_b,false,expert,,,,
Khmu-68_head-1-1,Khmu-68_head-1,kmpoŋ,68_head_c,false,expert,,,,
Khasi-69_hear-1-1,Khasi-69_hear-1,sŋap,69_hear_a,false,expert,,,,
Lyngngam-69_hear-1-1,Lyngngam-69_hear-1,sŋu,69_hear_a,false,expert,,,,
PnarJaintia-69_hear-1-1,PnarJaintia-69_hear-1,sniaw,69_hear_a,false,expert,,,,
WarLamin-69_hear-1-1,WarLamin-69_hear-1,sãʔ,69_hear_b,false,expert,,,,
Palaung-69_hear-1-1,Palaung-69_hear-1,ɟu,69_hear_c,false,expert,,,,
Khmu-69_hear-1-1,Khmu-69_hear-1,mec,69_hear_d,false,expert,,,,
Khasi-70_heart-1-1,Khasi-70_heart-1,kloŋ snam,70_heart_a,false,expert,,,,
Lyngngam-70_heart-1-1,Lyngngam-70_heart-1,kloŋ snam,70_heart_a,false,expert,,,,
PnarJaintia-70_heart-1-1,PnarJaintia-70_heart-1,klɔŋ snam,70_heart_a,false,expert,,,,
WarLamin-70_heart-1-1,WarLamin-70_heart-1,klɒŋ rnʊə,70_heart_a,false,expert,,,,
Palaung-70_heart-1-1,Palaung-70_heart-1,nuər,70_heart_b,false,expert,,,,
Khmu-70_heart-1-1,Khmu-70_heart-1,tlɔːm ŋok,70_heart_c,false,expert,,,,
Khasi-71_heavy-1-1,Khasi-71_heavy-1,heʔ,71_heavy_a,false,expert,,,,
Lyngngam-71_heavy-1-1,Lyngngam-71_heavy-1,kenbaʔ,71_heavy_b,false,expert,,,,
PnarJaintia-71_heavy-1-1,PnarJaintia-71_heavy-1,kʰia,71_heavy_c,false,expert,,,,
WarLamin-71_heavy-1-1,WarLamin-71_heavy-1,stʊʔ,71_heavy_d,false,expert,,,,
Palaung-71_heavy-1-1,Palaung-71_heavy-1,ɟən,71_heavy_e,false,expert,,,,
Khmu-71_heavy-1-1,Khmu-71_heavy-1,ktam,71_heavy_f,false,expert,,,,
Khasi-72_here-1-1,Khasi-72_here-1,haŋ ne,72_here_a,false,expert,,,,
Lyngngam-72_here-1-1,Lyngngam-72_here-1,haniʔ,72_here_a,false,expert,,,,
PnarJaintia-72_here-1-1,PnarJaintia-72_here-1,heini,72_here_a,false,expert,,,,
WarLamin-72_here-1-1,WarLamin-72_here-1,tineː,72_here_a,false,expert,,,,
Khmu-72_here-1-1,Khmu-72_here-1,daʔ giː,72_here_b,false,expert,,,,
Khasi-73_hit-1-1,Khasi-73_hit-1,tied,73_hit_a,false,expert,,,,
Lyngngam-73_hit-1-1,Lyngngam-73_hit-1,udaʔ,73_hit_b,false,expert,,,,
PnarJaintia-73_hit-1-1,PnarJaintia-73_hit-1,dat,73_hit_c,false,expert,,,,
WarLamin-73_hit-1-1,WarLamin-73_hit-1,dat,73_hit_c,false,expert,,,,
Palaung-73_hit-1-1,Palaung-73_hit-1,tɯm,73_hit_d,false,expert,,,,
Khmu-73_hit-1-1,Khmu-73_hit-1,puʔ,73_hit_e,false,expert,,,,
Khasi-74_holdtake-1-1,Khasi-74_holdtake-1,ʃim,74_holdtake_a,false,expert,,,,
Lyngngam-74_holdtake-1-1,Lyngngam-74_holdtake-1,tʰom,74_holdtake_b,false,expert,,,,
PnarJaintia-74_holdtake-1-1,PnarJaintia-74_holdtake-1,tʃɪm,74_holdtake_a,false,expert,,,,
WarLamin-74_holdtake-1-1,WarLamin-74_holdtake-1,lʊm,74_holdtake_c,false,expert,,,,
Palaung-74_holdtake-1-1,Palaung-74_holdtake-1,lɛ,74_holdtake_d,false,expert,,,,
Khmu-74_holdtake-1-1,Khmu-74_holdtake-1,deʔ,74_holdtake_e,false,expert,,,,
Khasi-75_how-1-1,Khasi-75_how-1,kumno,75_how_a,false,expert,,,,
Lyngngam-75_how-1-1,Lyngngam-75_how-1,naŋ net,75_how_b,false,expert,,,,
PnarJaintia-75_how-1-1,PnarJaintia-75_how-1,kammɔn,75_how_a,false,expert,,,,
WarLamin-75_how-1-1,WarLamin-75_how-1,kinjaʔ,75_how_c,false,expert,,,,
Palaung-75_how-1-1,Palaung-75_how-1,kʰɯj mɔ,75_how_d,false,expert,,,,
Khmu-75_how-1-1,Khmu-75_how-1,nɛːw məʔ,75_how_d,false,expert,,,,
Khasi-76_hunt-1-1,Khasi-76_hunt-1,beʔ,76_hunt_a,false,expert,,,,
Lyngngam-76_hunt-1-1,Lyngngam-76_hunt-1,wuŋ na,76_hunt_b,false,expert,,,,
PnarJaintia-76_hunt-1-1,PnarJaintia-76_hunt-1,lai siɛt dɔʔ,76_hunt_c,false,expert,,,,
WarLamin-76_hunt-1-1,WarLamin-76_hunt-1,pətar,76_hunt_d,false,expert,,,,
Palaung-76_hunt-1-1,Palaung-76_hunt-1,ɟɔm,76_hunt_e,false,expert,,,,
Khmu-76_hunt-1-1,Khmu-76_hunt-1,jɔh laʔ briʔ,76_hunt_f,false,expert,,,,
Khasi-77_husband-1-1,Khasi-77_husband-1,tŋa,77_husband_a,false,expert,,,,
Lyngngam-77_husband-1-1,Lyngngam-77_husband-1,koraŋ,77_husband_b,false,expert,,,,
PnarJaintia-77_husband-1-1,PnarJaintia-77_husband-1,lɔk,77_husband_b,false,expert,,,,
WarLamin-77_husband-1-1,WarLamin-77_husband-1,lɒk,77_husband_a,false,expert,,,,
Palaung-77_husband-1-1,Palaung-77_husband-1,rəleh,77_husband_c,false,expert,,,,
Khmu-77_husband-1-1,Khmu-77_husband-1,gleʔ,77_husband_d,false,expert,,,,
Khasi-78_i-1-1,Khasi-78_i-1,ŋa,78_i_a,false,expert,,,,
Lyngngam-78_i-1-1,Lyngngam-78_i-1,nə,78_i_a,false,expert,,,,
PnarJaintia-78_i-1-1,PnarJaintia-78_i-1,ŋa,78_i_a,false,expert,,,,
WarLamin-78_i-1-1,WarLamin-78_i-1,ŋә,78_i_a,false,expert,,,,
Palaung-78_i-1-1,Palaung-78_i-1,ʔɔ,78_i_b,false,expert,,,,
Khmu-78_i-1-1,Khmu-78_i-1,ʔoʔ,78_i_b,false,expert,,,,
Khasi-79_ice-1-1,Khasi-79_ice-1,tʰaʔ,79_ice_a,false,expert,,,,
Lyngngam-79_ice-1-1,Lyngngam-79_ice-1,tʰaʔ-əlliʔ,79_ice_a,false,expert,,,,
PnarJaintia-79_ice-1-1,PnarJaintia-79_ice-1,tʰaʔ,79_ice_a,false,expert,,,,
WarLamin-79_ice-1-1,WarLamin-79_ice-1,tʰaʔ,79_ice_a,false,expert,,,,
Palaung-79_ice-1-1,Palaung-79_ice-1,je ge,,false,expert,,,,
Khmu-79_ice-1-1,Khmu-79_ice-1,ʔom kloːn,79_ice_b,false,expert,,,,
Khasi-80_if-1-1,Khasi-80_if-1,lada,80_if_a,false,expert,,,,
Lyngngam-80_if-1-1,Lyngngam-80_if-1,lede,80_if_a,false,expert,,,,
PnarJaintia-80_if-1-1,PnarJaintia-80_if-1,lada,80_if_a,false,expert,,,,
WarLamin-80_if-1-1,WarLamin-80_if-1,nimә,80_if_b,false,expert,,,,
Khmu-80_if-1-1,Khmu-80_if-1,ʔan,80_if_c,false,expert,,,,
Khasi-81_in-1-1,Khasi-81_in-1,ha,81_in_a,false,expert,,,,
Lyngngam-81_in-1-1,Lyngngam-81_in-1,he,81_in_a,false,expert,,,,
PnarJaintia-81_in-1-1,PnarJaintia-81_in-1,ha,81_in_a,false,expert,,,,
WarLamin-81_in-1-1,WarLamin-81_in-1,ti,81_in_b,false,expert,,,,
Palaung-81_in-1-1,Palaung-81_in-1,naə,,false,expert,,,,
Khmu-81_in-1-1,Khmu-81_in-1,kluəŋ,81_in_c,false,expert,,,,
Khasi-82_kill-1-1,Khasi-82_kill-1,pɨnjap,82_kill_a,false,expert,,,,
Lyngngam-82_kill-1-1,Lyngngam-82_kill-1,pɨnɲap,82_kill_a,false,expert,,,,
PnarJaintia-82_kill-1-1,PnarJaintia-82_kill-1,pn̩jap,82_kill_a,false,expert,,,,
WarLamin-82_kill-1-1,WarLamin-82_kill-1,pәnjip,82_kill_a,false,expert,,,,
Palaung-82_kill-1-1,Palaung-82_kill-1,piəm,82_kill_b,false,expert,,,,
Khmu-82_kill-1-1,Khmu-82_kill-1,pʰaːn,82_kill_c,false,expert,,,,
Khasi-83_know-1-1,Khasi-83_know-1,tip,83_know_a,false,expert,,,,
Lyngngam-83_know-1-1,Lyngngam-83_know-1,heʔkən,83_know_b,false,expert,,,,
PnarJaintia-83_know-1-1,PnarJaintia-83_know-1,tɪp,83_know_a,false,expert,,,,
WarLamin-83_know-1-1,WarLamin-83_know-1,tɒʔ,83_know_a,false,expert,,,,
Palaung-83_know-1-1,Palaung-83_know-1,nəp,83_know_c,false,expert,,,,
Khmu-83_know-1-1,Khmu-83_know-1,nəːŋ,83_know_d,false,expert,,,,
Khasi-84_lake-1-1,Khasi-84_lake-1,puŋ,84_lake_a,false,expert,,,,
Lyngngam-84_lake-1-1,Lyngngam-84_lake-1,puŋ,84_lake_a,false,expert,,,,
PnarJaintia-84_lake-1-1,PnarJaintia-84_lake-1,puŋ,84_lake_a,false,expert,,,,
WarLamin-84_lake-1-1,WarLamin-84_lake-1,sʊ,84_lake_b,false,expert,,,,
Palaung-84_lake-1-1,Palaung-84_lake-1,nɔŋ,,false,expert,,,,
Khasi-85_laugh-1-1,Khasi-85_laugh-1,rkʰie,85_laugh_a,false,expert,,,,
Lyngngam-85_laugh-1-1,Lyngngam-85_laugh-1,ɨllom,85_laugh_b,false,expert,,,,
PnarJaintia-85_laugh-1-1,PnarJaintia-85_laugh-1,rkʰai,85_laugh_a,false,expert,,,,
WarLamin-85_laugh-1-1,WarLamin-85_laugh-1,rʊ,85_laugh_c,false,expert,,,,
Palaung-85_laugh-1-1,Palaung-85_laugh-1,jum,,false,expert,,,,
Khmu-85_laugh-1-1,Khmu-85_laugh-1,kʰras,85_laugh_d,false,expert,,,,
Khasi-86_leaf-1-1,Khasi-86_leaf-1,sla,86_leaf_a,false,expert,,,,
Lyngngam-86_leaf-1-1,Lyngngam-86_leaf-1,sla,86_leaf_a,false,expert,,,,
PnarJaintia-86_leaf-1-1,PnarJaintia-86_leaf-1,sla,86_leaf_a,false,expert,,,,
WarLamin-86_leaf-1-1,WarLamin-86_leaf-1,sli,86_leaf_a,false,expert,,,,
Palaung-86_leaf-1-1,Palaung-86_leaf-1,hla,86_leaf_a,false,expert,,,,
Khmu-86_leaf-1-1,Khmu-86_leaf-1,ʰlaʔ,86_leaf_a,false,expert,,,,
Khasi-87_leftside-1-1,Khasi-87_leftside-1,diaŋ,87_leftside_a,false,expert,,,,
Lyngngam-87_leftside-1-1,Lyngngam-87_leftside-1,tɨmmiəŋ,87_leftside_a,false,expert,,,,
PnarJaintia-87_leftside-1-1,PnarJaintia-87_leftside-1,tidiɛŋ,87_leftside_a,false,expert,,,,
WarLamin-87_leftside-1-1,WarLamin-87_leftside-1,di par ta dɪəŋ,87_leftside_a,false,expert,,,,
Palaung-87_leftside-1-1,Palaung-87_leftside-1,ʔi-ve,87_leftside_b,false,expert,,,,
Khmu-87_leftside-1-1,Khmu-87_leftside-1,luəŋ weʔ,87_leftside_b,false,expert,,,,
Khasi-88_leg-1-1,Khasi-88_leg-1,kɟat,88_leg_a,false,expert,,,,
Lyngngam-88_leg-1-1,Lyngngam-88_leg-1,kɟat,88_leg_a,false,expert,,,,
PnarJaintia-88_leg-1-1,PnarJaintia-88_leg-1,kdʒat,88_leg_a,false,expert,,,,
WarLamin-88_leg-1-1,WarLamin-88_leg-1,nɪa,88_leg_b,false,expert,,,,
Palaung-88_leg-1-1,Palaung-88_leg-1,ɟɯŋ,88_leg_c,false,expert,,,,
Khmu-88_leg-1-1,Khmu-88_leg-1,plɔːŋ,88_leg_d,false,expert,,,,
Khasi-89_toliedeceive-1-1,Khasi-89_toliedeceive-1,tʰok,89_toliedeceive_a,false,expert,,,,
Lyngngam-89_toliedeceive-1-1,Lyngngam-89_toliedeceive-1,tʰɨlloʲt,89_toliedeceive_b,false,expert,,,,
PnarJaintia-89_toliedeceive-1-1,PnarJaintia-89_toliedeceive-1,dʒlɛr,89_toliedeceive_c,false,expert,,,,
WarLamin-89_toliedeceive-1-1,WarLamin-89_toliedeceive-1,pənrɒʔ,89_toliedeceive_d,false,expert,,,,
Palaung-89_toliedeceive-1-1,Palaung-89_toliedeceive-1,cɔʔ,89_toliedeceive_e,false,expert,,,,
Khmu-89_toliedeceive-1-1,Khmu-89_toliedeceive-1,ɲuəʔ,89_toliedeceive_f,false,expert,,,,
Khasi-90_live-1-1,Khasi-90_live-1,im,90_live_a,false,expert,,,,
Lyngngam-90_live-1-1,Lyngngam-90_live-1,ɨnnim,90_live_a,false,expert,,,,
PnarJaintia-90_live-1-1,PnarJaintia-90_live-1,ɪm,90_live_a,false,expert,,,,
WarLamin-90_live-1-1,WarLamin-90_live-1,pʔem,90_live_a,false,expert,,,,
Palaung-90_live-1-1,Palaung-90_live-1,im,90_live_a,false,expert,,,,
Khmu-90_live-1-1,Khmu-90_live-1,jat,90_live_b,false,expert,,,,
Khasi-91_liver-1-1,Khasi-91_liver-1,doʔnuːd,91_liver_a,false,expert,,,,
Lyngngam-91_liver-1-1,Lyngngam-91_liver-1,noːd,91_liver_a,false,expert,,,,
PnarJaintia-91_liver-1-1,PnarJaintia-91_liver-1,noːd,91_liver_a,false,expert,,,,
WarLamin-91_liver-1-1,WarLamin-91_liver-1,kθim,91_liver_b,false,expert,,,,
Palaung-91_liver-1-1,Palaung-91_liver-1,kərtɔm,91_liver_b,false,expert,,,,
Khmu-91_liver-1-1,Khmu-91_liver-1,tlɔːm rɔŋ,91_liver_c,false,expert,,,,
Khasi-92_long-1-1,Khasi-92_long-1,ɟroŋ,92_long_a,false,expert,,,,
Lyngngam-92_long-1-1,Lyngngam-92_long-1,ɟɨrroŋ,92_long_a,false,expert,,,,
PnarJaintia-92_long-1-1,PnarJaintia-92_long-1,dʒrɔŋ,92_long_a,false,expert,,,,
WarLamin-92_long-1-1,WarLamin-92_long-1,kərɒŋ,92_long_a,false,expert,,,,
Palaung-92_long-1-1,Palaung-92_long-1,hlɯŋ,92_long_b,false,expert,,,,
Khmu-92_long-1-1,Khmu-92_long-1,waːŋ,92_long_c,false,expert,,,,
Khasi-93_louse-1-1,Khasi-93_louse-1,ksi,93_louse_a,false,expert,,,,
Lyngngam-93_louse-1-1,Lyngngam-93_louse-1,sɨlliet,93_louse_b,false,expert,,,,
PnarJaintia-93_louse-1-1,PnarJaintia-93_louse-1,ksi,93_louse_a,false,expert,,,,
WarLamin-93_louse-1-1,WarLamin-93_louse-1,ksa,93_louse_a,false,expert,,,,
Palaung-93_louse-1-1,Palaung-93_louse-1,si,93_louse_a,false,expert,,,,
Khmu-93_louse-1-1,Khmu-93_louse-1,seʔ,93_louse_a,false,expert,,,,
Khasi-94_manmale-1-1,Khasi-94_manmale-1,ʃɨnraŋ,94_manmale_a,false,expert,,,,
Lyngngam-94_manmale-1-1,Lyngngam-94_manmale-1,kʰonkoraŋ,94_manmale_a,false,expert,,,,
PnarJaintia-94_manmale-1-1,PnarJaintia-94_manmale-1,cn̩raŋ,94_manmale_a,false,expert,,,,
WarLamin-94_manmale-1-1,WarLamin-94_manmale-1,tәrma,94_manmale_b,false,expert,,,,
Palaung-94_manmale-1-1,Palaung-94_manmale-1,ime,94_manmale_b,false,expert,,,,
Khmu-94_manmale-1-1,Khmu-94_manmale-1,cmbrɔʔ,94_manmale_c,false,expert,,,,
Khasi-95_many-1-1,Khasi-95_many-1,bun,95_many_a,false,expert,,,,
Lyngngam-95_many-1-1,Lyngngam-95_many-1,bon,95_many_a,false,expert,,,,
PnarJaintia-95_many-1-1,PnarJaintia-95_many-1,bon,95_many_a,false,expert,,,,
WarLamin-95_many-1-1,WarLamin-95_many-1,ʃibʊə,95_many_a,false,expert,,,,
Palaung-95_many-1-1,Palaung-95_many-1,kɯn,95_many_b,false,expert,,,,
Khmu-95_many-1-1,Khmu-95_many-1,maːk,95_many_c,false,expert,,,,
Khasi-96_meatflesh-1-1,Khasi-96_meatflesh-1,doʔ,96_meatflesh_a,false,expert,,,,
Lyngngam-96_meatflesh-1-1,Lyngngam-96_meatflesh-1,meʲm,96_meatflesh_b,false,expert,,,,
PnarJaintia-96_meatflesh-1-1,PnarJaintia-96_meatflesh-1,dɔʔ,96_meatflesh_a,false,expert,,,,
WarLamin-96_meatflesh-1-1,WarLamin-96_meatflesh-1,dɒʔ,96_meatflesh_a,false,expert,,,,
Palaung-96_meatflesh-1-1,Palaung-96_meatflesh-1,jəŋ,96_meatflesh_c,false,expert,,,,
Khmu-96_meatflesh-1-1,Khmu-96_meatflesh-1,ʔah,96_meatflesh_d,false,expert,,,,
Khasi-97_mother-1-1,Khasi-97_mother-1,kmie,97_mother_a,false,expert,,,,
Lyngngam-97_mother-1-1,Lyngngam-97_mother-1,gma,97_mother_a,false,expert,,,,
PnarJaintia-97_mother-1-1,PnarJaintia-97_mother-1,bei,97_mother_a,false,expert,,,,
WarLamin-97_mother-1-1,WarLamin-97_mother-1,maː,97_mother_a,false,expert,,,,
Palaung-97_mother-1-1,Palaung-97_mother-1,ma,97_mother_a,false,expert,,,,
Khmu-97_mother-1-1,Khmu-97_mother-1,maʔ,97_mother_a,false,expert,,,,
Khasi-98_mountain-1-1,Khasi-98_mountain-1,lum,98_mountain_a,false,expert,,,,
Lyngngam-98_mountain-1-1,Lyngngam-98_mountain-1,dom,98_mountain_a,false,expert,,,,
PnarJaintia-98_mountain-1-1,PnarJaintia-98_mountain-1,lom,98_mountain_a,false,expert,,,,
WarLamin-98_mountain-1-1,WarLamin-98_mountain-1,pdeŋ,98_mountain_b,false,expert,,,,
Palaung-98_mountain-1-1,Palaung-98_mountain-1,sor,98_mountain_c,false,expert,,,,
Khmu-98_mountain-1-1,Khmu-98_mountain-1,mok,98_mountain_d,false,expert,,,,
Khasi-99_mouth-1-1,Khasi-99_mouth-1,ʃɨntur,99_mouth_a,false,expert,,,,
Lyngngam-99_mouth-1-1,Lyngngam-99_mouth-1,gap,99_mouth_b,false,expert,,,,
PnarJaintia-99_mouth-1-1,PnarJaintia-99_mouth-1,ktein,99_mouth_c,false,expert,,,,
WarLamin-99_mouth-1-1,WarLamin-99_mouth-1,tkɒŋ,99_mouth_d,false,expert,,,,
Palaung-99_mouth-1-1,Palaung-99_mouth-1,mur,99_mouth_e,false,expert,,,,
Khmu-99_mouth-1-1,Khmu-99_mouth-1,tnɔh,99_mouth_f,false,expert,,,,
Khasi-100_name-1-1,Khasi-100_name-1,kɨrteŋ,100_name_a,false,expert,,,,
Lyngngam-100_name-1-1,Lyngngam-100_name-1,kɨrteŋ,,false,expert,,,,
PnarJaintia-100_name-1-1,PnarJaintia-100_name-1,pr̩tuid,100_name_b,false,expert,,,,
WarLamin-100_name-1-1,WarLamin-100_name-1,tvɪәŋ,100_name_c,false,expert,,,,
Palaung-100_name-1-1,Palaung-100_name-1,ɟɯ,,false,expert,,,,
Khmu-100_name-1-1,Khmu-100_name-1,sŋməh,100_name_d,false,expert,,,,
Khasi-101_narrow-1-1,Khasi-101_narrow-1,raʃiŋ,101_narrow_a,false,expert,,,,
Lyngngam-101_narrow-1-1,Lyngngam-101_narrow-1,bakʰim,,false,expert,,,,
PnarJaintia-101_narrow-1-1,PnarJaintia-101_narrow-1,kʰɪm,101_narrow_a,false,expert,,,,
Palaung-101_narrow-1-1,Palaung-101_narrow-1,ɔp,,false,expert,,,,
Khmu-101_narrow-1-1,Khmu-101_narrow-1,sgɛːp,101_narrow_b,false,expert,,,,
Khasi-102_near-1-1,Khasi-102_near-1,ɟan,102_near_a,false,expert,,,,
Lyngngam-102_near-1-1,Lyngngam-102_near-1,ɟŋan,102_near_a,false,expert,,,,
PnarJaintia-102_near-1-1,PnarJaintia-102_near-1,dʒan,102_near_a,false,expert,,,,
WarLamin-102_near-1-1,WarLamin-102_near-1,tjan,102_near_a,false,expert,,,,
Palaung-102_near-1-1,Palaung-102_near-1,dət,102_near_b,false,expert,,,,
Khmu-102_near-1-1,Khmu-102_near-1,leh,102_near_c,false,expert,,,,
Khasi-103_neck-1-1,Khasi-103_neck-1,rɨndaŋ,103_neck_a,false,expert,,,,
Lyngngam-103_neck-1-1,Lyngngam-103_neck-1,kraŋ,103_neck_b,false,expert,,,,
PnarJaintia-103_neck-1-1,PnarJaintia-103_neck-1,rdaŋ,103_neck_a,false,expert,,,,
WarLamin-103_neck-1-1,WarLamin-103_neck-1,rdaŋ,103_neck_a,false,expert,,,,
Palaung-103_neck-1-1,Palaung-103_neck-1,rəmɔŋ,103_neck_c,false,expert,,,,
Khmu-103_neck-1-1,Khmu-103_neck-1,kntuər,103_neck_d,false,expert,,,,
Khasi-104_new-1-1,Khasi-104_new-1,tʰɨmmaj,104_new_a,false,expert,,,,
Lyngngam-104_new-1-1,Lyngngam-104_new-1,tʰɨmmaj,104_new_a,false,expert,,,,
PnarJaintia-104_new-1-1,PnarJaintia-104_new-1,tʰm̩me,104_new_a,false,expert,,,,
WarLamin-104_new-1-1,WarLamin-104_new-1,θmaː,104_new_a,false,expert,,,,
Palaung-104_new-1-1,Palaung-104_new-1,kənmɛ,104_new_a,false,expert,,,,
Khmu-104_new-1-1,Khmu-104_new-1,hmmeʔ,104_new_a,false,expert,,,,
Khasi-105_night-1-1,Khasi-105_night-1,miet,105_night_a,false,expert,,,,
Lyngngam-105_night-1-1,Lyngngam-105_night-1,sənɲu,105_night_b,false,expert,,,,
PnarJaintia-105_night-1-1,PnarJaintia-105_night-1,meit,105_night_a,false,expert,,,,
WarLamin-105_night-1-1,WarLamin-105_night-1,ləmaʔ,105_night_a,false,expert,,,,
Palaung-105_night-1-1,Palaung-105_night-1,sɯm,105_night_c,false,expert,,,,
Khmu-105_night-1-1,Khmu-105_night-1,psɨəm,105_night_c,false,expert,,,,
Khasi-106_nose-1-1,Khasi-106_nose-1,kʰmut,106_nose_a,false,expert,,,,
Lyngngam-106_nose-1-1,Lyngngam-106_nose-1,leumut,106_nose_a,false,expert,,,,
PnarJaintia-106_nose-1-1,PnarJaintia-106_nose-1,kʰmut,106_nose_a,false,expert,,,,
WarLamin-106_nose-1-1,WarLamin-106_nose-1,mərkɒ͂ŋ,106_nose_b,false,expert,,,,
Palaung-106_nose-1-1,Palaung-106_nose-1,muh,106_nose_a,false,expert,,,,
Khmu-106_nose-1-1,Khmu-106_nose-1,muh,106_nose_a,false,expert,,,,
Khasi-107_not-1-1,Khasi-107_not-1,ɨm,107_not_a,false,expert,,,,
Lyngngam-107_not-1-1,Lyngngam-107_not-1,ɨnɟi,107_not_a,false,expert,,,,
PnarJaintia-107_not-1-1,PnarJaintia-107_not-1,m̩,107_not_b,false,expert,,,,
WarLamin-107_not-1-1,WarLamin-107_not-1,tɒʔ tə,107_not_b,false,expert,,,,
Palaung-107_not-1-1,Palaung-107_not-1,kə,107_not_c,false,expert,,,,
Khmu-107_not-1-1,Khmu-107_not-1,ʔam,107_not_a,false,expert,,,,
Khasi-108_old-1-1,Khasi-108_old-1,rim,108_old_a,false,expert,,,,
Lyngngam-108_old-1-1,Lyngngam-108_old-1,rim,108_old_a,false,expert,,,,
PnarJaintia-108_old-1-1,PnarJaintia-108_old-1,rɪm,108_old_a,false,expert,,,,
WarLamin-108_old-1-1,WarLamin-108_old-1,sәrem,108_old_a,false,expert,,,,
Palaung-108_old-1-1,Palaung-108_old-1,prim,108_old_a,false,expert,,,,
Khmu-108_old-1-1,Khmu-108_old-1,ʰmaŋ,108_old_b,false,expert,,,,
Khasi-109_one-1-1,Khasi-109_one-1,uwej,109_one_a,false,expert,,,,
Lyngngam-109_one-1-1,Lyngngam-109_one-1,uwew,109_one_a,false,expert,,,,
PnarJaintia-109_one-1-1,PnarJaintia-109_one-1,wi,109_one_a,false,expert,,,,
WarLamin-109_one-1-1,WarLamin-109_one-1,mi,109_one_b,false,expert,,,,
Palaung-109_one-1-1,Palaung-109_one-1,u,109_one_c,false,expert,,,,
Khmu-109_one-1-1,Khmu-109_one-1,moːj,109_one_b,false,expert,,,,
Khasi-110_other-1-1,Khasi-110_other-1,ki-wej,110_other_a,false,expert,,,,
Lyngngam-110_other-1-1,Lyngngam-110_other-1,marber,110_other_a,false,expert,,,,
PnarJaintia-110_other-1-1,PnarJaintia-110_other-1,kɔpsar,,false,expert,,,,
Palaung-110_other-1-1,Palaung-110_other-1,laj,110_other_b,false,expert,,,,
Khmu-110_other-1-1,Khmu-110_other-1,baŋ,,false,expert,,,,
Khasi-111_person-1-1,Khasi-111_person-1,briew,111_person_a,false,expert,,,,
Lyngngam-111_person-1-1,Lyngngam-111_person-1,brü,111_person_a,false,expert,,,,
PnarJaintia-111_person-1-1,PnarJaintia-111_person-1,bru,111_person_a,false,expert,,,,
WarLamin-111_person-1-1,WarLamin-111_person-1,tjəpreʊ,111_person_a,false,expert,,,,
Palaung-111_person-1-1,Palaung-111_person-1,bi,111_person_b,false,expert,,,,
Khmu-111_person-1-1,Khmu-111_person-1,gon,,false,expert,,,,
Khasi-112_toplay-1-1,Khasi-112_toplay-1,leʔ kaj,112_toplay_a,false,expert,,,,
Lyngngam-112_toplay-1-1,Lyngngam-112_toplay-1,kʰellaj,112_toplay_b,false,expert,,,,
PnarJaintia-112_toplay-1-1,PnarJaintia-112_toplay-1,kn̩deiʔ ke,112_toplay_a,false,expert,,,,
WarLamin-112_toplay-1-1,WarLamin-112_toplay-1,khirʊ,112_toplay_c,false,expert,,,,
Palaung-112_toplay-1-1,Palaung-112_toplay-1,kəvɛʔ,112_toplay_d,false,expert,,,,
Khmu-112_toplay-1-1,Khmu-112_toplay-1,tŋhɔːj,112_toplay_e,false,expert,,,,
Khasi-113_topull-1-1,Khasi-113_topull-1,tan,113_topull_a,false,expert,,,,
Lyngngam-113_topull-1-1,Lyngngam-113_topull-1,rɨnnieŋ,113_topull_b,false,expert,,,,
PnarJaintia-113_topull-1-1,PnarJaintia-113_topull-1,tan,113_topull_a,false,expert,,,,
WarLamin-113_topull-1-1,WarLamin-113_topull-1,pətɪaʔ,113_topull_c,false,expert,,,,
Palaung-113_topull-1-1,Palaung-113_topull-1,rɯit,113_topull_d,false,expert,,,,
Khmu-113_topull-1-1,Khmu-113_topull-1,toh,113_topull_e,false,expert,,,,
Khasi-114_topush-1-1,Khasi-114_topush-1,kʰɨnniaʔ,114_topush_a,false,expert,,,,
Lyngngam-114_topush-1-1,Lyngngam-114_topush-1,kɨncʰew,114_topush_b,false,expert,,,,
PnarJaintia-114_topush-1-1,PnarJaintia-114_topush-1,ŋiat,114_topush_a,false,expert,,,,
WarLamin-114_topush-1-1,WarLamin-114_topush-1,khən jit,114_topush_c,false,expert,,,,
Palaung-114_topush-1-1,Palaung-114_topush-1,con,114_topush_d,false,expert,,,,
Khmu-114_topush-1-1,Khmu-114_topush-1,kɲuːt,114_topush_e,false,expert,,,,
Khasi-115_torain-1-1,Khasi-115_torain-1,slap,115_torain_a,false,expert,,,,
Lyngngam-115_torain-1-1,Lyngngam-115_torain-1,slap,115_torain_a,false,expert,,,,
PnarJaintia-115_torain-1-1,PnarJaintia-115_torain-1,slap,115_torain_a,false,expert,,,,
WarLamin-115_torain-1-1,WarLamin-115_torain-1,slaː,115_torain_a,false,expert,,,,
Palaung-115_torain-1-1,Palaung-115_torain-1,ɟuŋ,115_torain_b,false,expert,,,,
Khmu-115_torain-1-1,Khmu-115_torain-1,kmaʔ,115_torain_c,false,expert,,,,
Khasi-116_red-1-1,Khasi-116_red-1,saw,116_red_a,false,expert,,,,
Lyngngam-116_red-1-1,Lyngngam-116_red-1,ənsaw,116_red_a,false,expert,,,,
PnarJaintia-116_red-1-1,PnarJaintia-116_red-1,so,116_red_a,false,expert,,,,
WarLamin-116_red-1-1,WarLamin-116_red-1,sɪa,116_red_a,false,expert,,,,
Palaung-116_red-1-1,Palaung-116_red-1,kʰo,116_red_b,false,expert,,,,
Khmu-116_red-1-1,Khmu-116_red-1,jim,116_red_c,false,expert,,,,
Khasi-117_rightcorrect-1-1,Khasi-117_rightcorrect-1,dej,117_rightcorrect_a,false,expert,,,,
Lyngngam-117_rightcorrect-1-1,Lyngngam-117_rightcorrect-1,dew,117_rightcorrect_a,false,expert,,,,
PnarJaintia-117_rightcorrect-1-1,PnarJaintia-117_rightcorrect-1,tɔʔ,117_rightcorrect_b,false,expert,,,,
WarLamin-117_rightcorrect-1-1,WarLamin-117_rightcorrect-1,tɒʔ,117_rightcorrect_b,false,expert,,,,
Khmu-117_rightcorrect-1-1,Khmu-117_rightcorrect-1,mɛːn,,false,expert,,,,
Khasi-118_rightside-1-1,Khasi-118_rightside-1,mon,118_rightside_a,false,expert,,,,
Lyngngam-118_rightside-1-1,Lyngngam-118_rightside-1,tɨm-mon,118_rightside_a,false,expert,,,,
PnarJaintia-118_rightside-1-1,PnarJaintia-118_rightside-1,timun,118_rightside_a,false,expert,,,,
WarLamin-118_rightside-1-1,WarLamin-118_rightside-1,di par ta mɒn,118_rightside_a,false,expert,,,,
Palaung-118_rightside-1-1,Palaung-118_rightside-1,kʰwa,,false,expert,,,,
Khmu-118_rightside-1-1,Khmu-118_rightside-1,luəŋ ham,118_rightside_b,false,expert,,,,
Khasi-119_river-1-1,Khasi-119_river-1,waʔ,119_river_a,false,expert,,,,
Lyngngam-119_river-1-1,Lyngngam-119_river-1,por,119_river_b,false,expert,,,,
PnarJaintia-119_river-1-1,PnarJaintia-119_river-1,waʔ,119_river_a,false,expert,,,,
WarLamin-119_river-1-1,WarLamin-119_river-1,ʔam,119_river_c,false,expert,,,,
Palaung-119_river-1-1,Palaung-119_river-1,om,119_river_c,false,expert,,,,
Khmu-119_river-1-1,Khmu-119_river-1,ʰroŋ,119_river_d,false,expert,,,,
Khasi-120_road-1-1,Khasi-120_road-1,lɨnti,120_road_a,false,expert,,,,
Lyngngam-120_road-1-1,Lyngngam-120_road-1,twar,120_road_b,false,expert,,,,
PnarJaintia-120_road-1-1,PnarJaintia-120_road-1,sərɔk,120_road_a,false,expert,,,,
WarLamin-120_road-1-1,WarLamin-120_road-1,sərɒk,120_road_c,false,expert,,,,
Palaung-120_road-1-1,Palaung-120_road-1,deŋ,120_road_d,false,expert,,,,
Khmu-120_road-1-1,Khmu-120_road-1,ŋɔːr,120_road_e,false,expert,,,,
Khasi-121_root-1-1,Khasi-121_root-1,tɨnraj,121_root_a,false,expert,,,,
Lyngngam-121_root-1-1,Lyngngam-121_root-1,tɨrraj,121_root_a,false,expert,,,,
PnarJaintia-121_root-1-1,PnarJaintia-121_root-1,tʰeid,121_root_b,false,expert,,,,
WarLamin-121_root-1-1,WarLamin-121_root-1,ʃit,121_root_b,false,expert,,,,
Palaung-121_root-1-1,Palaung-121_root-1,riər,121_root_a,false,expert,,,,
Khmu-121_root-1-1,Khmu-121_root-1,riəs,121_root_a,false,expert,,,,
Khasi-122_rope-1-1,Khasi-122_rope-1,tɨllaj,122_rope_a,false,expert,,,,
Lyngngam-122_rope-1-1,Lyngngam-122_rope-1,laŋnaj,122_rope_b,false,expert,,,,
PnarJaintia-122_rope-1-1,PnarJaintia-122_rope-1,tl̩le,122_rope_a,false,expert,,,,
WarLamin-122_rope-1-1,WarLamin-122_rope-1,tәrʊ,122_rope_c,false,expert,,,,
Palaung-122_rope-1-1,Palaung-122_rope-1,vər,122_rope_d,false,expert,,,,
Khmu-122_rope-1-1,Khmu-122_rope-1,cməʔ,122_rope_e,false,expert,,,,
Khasi-123_rotten-1-1,Khasi-123_rotten-1,pʔut,123_rotten_a,false,expert,,,,
Lyngngam-123_rotten-1-1,Lyngngam-123_rotten-1,ɟɨllit,123_rotten_b,false,expert,,,,
PnarJaintia-123_rotten-1-1,PnarJaintia-123_rotten-1,pʔut,123_rotten_a,false,expert,,,,
WarLamin-123_rotten-1-1,WarLamin-123_rotten-1,khvi,123_rotten_c,false,expert,,,,
Palaung-123_rotten-1-1,Palaung-123_rotten-1,əm,123_rotten_d,false,expert,,,,
Khmu-123_rotten-1-1,Khmu-123_rotten-1,ʰmuʔ,123_rotten_e,false,expert,,,,
Khasi-124_torub-1-1,Khasi-124_torub-1,kɨrʃut,124_torub_a,false,expert,,,,
Lyngngam-124_torub-1-1,Lyngngam-124_torub-1,kɨrcʰut,124_torub_a,false,expert,,,,
PnarJaintia-124_torub-1-1,PnarJaintia-124_torub-1,kr̩tʃut,124_torub_a,false,expert,,,,
WarLamin-124_torub-1-1,WarLamin-124_torub-1,kənʧʊt,124_torub_a,false,expert,,,,
Palaung-124_torub-1-1,Palaung-124_torub-1,sut,124_torub_a,false,expert,,,,
Khmu-124_torub-1-1,Khmu-124_torub-1,huk,124_torub_b,false,expert,,,,
Khasi-125_salt-1-1,Khasi-125_salt-1,mluʔ,125_salt_a,false,expert,,,,
Lyngngam-125_salt-1-1,Lyngngam-125_salt-1,maluk,125_salt_a,false,expert,,,,
PnarJaintia-125_salt-1-1,PnarJaintia-125_salt-1,bloʔ,125_salt_a,false,expert,,,,
WarLamin-125_salt-1-1,WarLamin-125_salt-1,pnʊʔ,125_salt_a,false,expert,,,,
Palaung-125_salt-1-1,Palaung-125_salt-1,sɔɁ,125_salt_b,false,expert,,,,
Khmu-125_salt-1-1,Khmu-125_salt-1,ʰmaːr,125_salt_c,false,expert,,,,
Khasi-126_sand-1-1,Khasi-126_sand-1,ʃʔiap,126_sand_a,false,expert,,,,
Lyngngam-126_sand-1-1,Lyngngam-126_sand-1,cʰʔjap,126_sand_a,false,expert,,,,
PnarJaintia-126_sand-1-1,PnarJaintia-126_sand-1,tʃʔɛʌp,126_sand_a,false,expert,,,,
WarLamin-126_sand-1-1,WarLamin-126_sand-1,sәrvʊ,126_sand_b,false,expert,,,,
Palaung-126_sand-1-1,Palaung-126_sand-1,saj,126_sand_c,false,expert,,,,
Khmu-126_sand-1-1,Khmu-126_sand-1,sreh,126_sand_d,false,expert,,,,
Khasi-127_tosay-1-1,Khasi-127_tosay-1,oŋ,127_tosay_a,false,expert,,,,
Lyngngam-127_tosay-1-1,Lyngngam-127_tosay-1,ɨnnoŋ,127_tosay_a,false,expert,,,,
PnarJaintia-127_tosay-1-1,PnarJaintia-127_tosay-1,ʔɔŋ,127_tosay_a,false,expert,,,,
WarLamin-127_tosay-1-1,WarLamin-127_tosay-1,ʔɒŋ,127_tosay_a,false,expert,,,,
Palaung-127_tosay-1-1,Palaung-127_tosay-1,dah,127_tosay_b,false,expert,,,,
Khmu-127_tosay-1-1,Khmu-127_tosay-1,sroʔ,127_tosay_c,false,expert,,,,
Khasi-128_toscratch-1-1,Khasi-128_toscratch-1,truːd,128_toscratch_a,false,expert,,,,
Lyngngam-128_toscratch-1-1,Lyngngam-128_toscratch-1,tɨrrut,128_toscratch_a,false,expert,,,,
PnarJaintia-128_toscratch-1-1,PnarJaintia-128_toscratch-1,tʃbɔt,128_toscratch_b,false,expert,,,,
WarLamin-128_toscratch-1-1,WarLamin-128_toscratch-1,kʰəbɒʔ,128_toscratch_b,false,expert,,,,
Palaung-128_toscratch-1-1,Palaung-128_toscratch-1,pɔɁ,128_toscratch_c,false,expert,,,,
Khmu-128_toscratch-1-1,Khmu-128_toscratch-1,gor,128_toscratch_d,false,expert,,,,
Khasi-129_sea-1-1,Khasi-129_sea-1,duriaw,129_sea_a,false,expert,,,,
Lyngngam-129_sea-1-1,Lyngngam-129_sea-1,duriaw,,false,expert,,,,
PnarJaintia-129_sea-1-1,PnarJaintia-129_sea-1,duriaw,129_sea_a,false,expert,,,,
WarLamin-129_sea-1-1,WarLamin-129_sea-1,dʊrɪəʊ,129_sea_a,false,expert,,,,
Khasi-130_see-1-1,Khasi-130_see-1,joʔi,130_see_a,false,expert,,,,
Lyngngam-130_see-1-1,Lyngngam-130_see-1,muɟoʔ,130_see_a,false,expert,,,,
PnarJaintia-130_see-1-1,PnarJaintia-130_see-1,pait,130_see_b,false,expert,,,,
WarLamin-130_see-1-1,WarLamin-130_see-1,maʔ,130_see_c,false,expert,,,,
Palaung-130_see-1-1,Palaung-130_see-1,jɯ,130_see_a,false,expert,,,,
Khmu-130_see-1-1,Khmu-130_see-1,guːɲ,130_see_d,false,expert,,,,
Khasi-131_seed-1-1,Khasi-131_seed-1,sɨmbaj,131_seed_a,false,expert,,,,
Lyngngam-131_seed-1-1,Lyngngam-131_seed-1,ɟellej,131_seed_b,false,expert,,,,
PnarJaintia-131_seed-1-1,PnarJaintia-131_seed-1,sm̩be,131_seed_a,false,expert,,,,
WarLamin-131_seed-1-1,WarLamin-131_seed-1,tjʊsba,131_seed_a,false,expert,,,,
Palaung-131_seed-1-1,Palaung-131_seed-1,kəʔaŋ,131_seed_c,false,expert,,,,
Khmu-131_seed-1-1,Khmu-131_seed-1,klɔːŋ,131_seed_d,false,expert,,,,
Khasi-132_tosew-1-1,Khasi-132_tosew-1,suʔ,132_tosew_a,false,expert,,,,
Lyngngam-132_tosew-1-1,Lyngngam-132_tosew-1,sɨnnek,132_tosew_a,false,expert,,,,
PnarJaintia-132_tosew-1-1,PnarJaintia-132_tosew-1,sor,132_tosew_a,false,expert,,,,
WarLamin-132_tosew-1-1,WarLamin-132_tosew-1,sʊ,132_tosew_a,false,expert,,,,
Palaung-132_tosew-1-1,Palaung-132_tosew-1,ɟiŋ,132_tosew_b,false,expert,,,,
Khmu-132_tosew-1-1,Khmu-132_tosew-1,lɔs,132_tosew_c,false,expert,,,,
Khasi-133_sharp-1-1,Khasi-133_sharp-1,nep,133_sharp_a,false,expert,,,,
Lyngngam-133_sharp-1-1,Lyngngam-133_sharp-1,ɨntaʔ,133_sharp_b,false,expert,,,,
PnarJaintia-133_sharp-1-1,PnarJaintia-133_sharp-1,nɛp,133_sharp_a,false,expert,,,,
WarLamin-133_sharp-1-1,WarLamin-133_sharp-1,nep,133_sharp_a,false,expert,,,,
Palaung-133_sharp-1-1,Palaung-133_sharp-1,ləm,133_sharp_c,false,expert,,,,
Khmu-133_sharp-1-1,Khmu-133_sharp-1,ʔoh,133_sharp_d,false,expert,,,,
Khasi-134_short-1-1,Khasi-134_short-1,lɨŋkot,134_short_a,false,expert,,,,
Lyngngam-134_short-1-1,Lyngngam-134_short-1,tɨmban,134_short_b,false,expert,,,,
PnarJaintia-134_short-1-1,PnarJaintia-134_short-1,tbien,134_short_b,false,expert,,,,
WarLamin-134_short-1-1,WarLamin-134_short-1,ʧrit,134_short_c,false,expert,,,,
Palaung-134_short-1-1,Palaung-134_short-1,ɛm,134_short_d,false,expert,,,,
Khmu-134_short-1-1,Khmu-134_short-1,hndeʔ,134_short_e,false,expert,,,,
Khasi-135_tosing-1-1,Khasi-135_tosing-1,rwaj,135_tosing_a,false,expert,,,,
Lyngngam-135_tosing-1-1,Lyngngam-135_tosing-1,rɨŋwi,135_tosing_a,false,expert,,,,
PnarJaintia-135_tosing-1-1,PnarJaintia-135_tosing-1,rwai,135_tosing_a,false,expert,,,,
WarLamin-135_tosing-1-1,WarLamin-135_tosing-1,rvʊ,135_tosing_a,false,expert,,,,
Palaung-135_tosing-1-1,Palaung-135_tosing-1,ŋir,135_tosing_b,false,expert,,,,
Khmu-135_tosing-1-1,Khmu-135_tosing-1,təːm,135_tosing_c,false,expert,,,,
Khasi-136_tosit-1-1,Khasi-136_tosit-1,ʃoŋ,136_tosit_a,false,expert,,,,
Lyngngam-136_tosit-1-1,Lyngngam-136_tosit-1,cʰoŋ,136_tosit_a,false,expert,,,,
PnarJaintia-136_tosit-1-1,PnarJaintia-136_tosit-1,tʃɔŋ,136_tosit_a,false,expert,,,,
WarLamin-136_tosit-1-1,WarLamin-136_tosit-1,ʃkɪə,136_tosit_b,false,expert,,,,
Palaung-136_tosit-1-1,Palaung-136_tosit-1,mɔʔ,136_tosit_c,false,expert,,,,
Khmu-136_tosit-1-1,Khmu-136_tosit-1,den,136_tosit_d,false,expert,,,,
Khasi-137_skin-1-1,Khasi-137_skin-1,snieʔ doʔ,137_skin_a,false,expert,,,,
Lyngngam-137_skin-1-1,Lyngngam-137_skin-1,snieʔ mejm,137_skin_a,false,expert,,,,
PnarJaintia-137_skin-1-1,PnarJaintia-137_skin-1,sneiʔ,137_skin_a,false,expert,,,,
WarLamin-137_skin-1-1,WarLamin-137_skin-1,snɪəʔ,137_skin_a,false,expert,,,,
Palaung-137_skin-1-1,Palaung-137_skin-1,hur,137_skin_b,false,expert,,,,
Khmu-137_skin-1-1,Khmu-137_skin-1,hmpuːr,137_skin_c,false,expert,,,,
Khasi-138_sky-1-1,Khasi-138_sky-1,bneŋ,138_sky_a,false,expert,,,,
Lyngngam-138_sky-1-1,Lyngngam-138_sky-1,brej,138_sky_b,false,expert,,,,
PnarJaintia-138_sky-1-1,PnarJaintia-138_sky-1,bneiɲ,138_sky_a,false,expert,,,,
Palaung-138_sky-1-1,Palaung-138_sky-1,pleŋ,138_sky_a,false,expert,,,,
Khmu-138_sky-1-1,Khmu-138_sky-1,lwaːŋ,138_sky_c,false,expert,,,,
Khasi-139_tosleep-1-1,Khasi-139_tosleep-1,tʰiaʔ,139_tosleep_a,false,expert,,,,
Lyngngam-139_tosleep-1-1,Lyngngam-139_tosleep-1,ɨnɲiɲ,139_tosleep_b,false,expert,,,,
PnarJaintia-139_tosleep-1-1,PnarJaintia-139_tosleep-1,tʰiaʔ,139_tosleep_a,false,expert,,,,
WarLamin-139_tosleep-1-1,WarLamin-139_tosleep-1,θɪəʔ,139_tosleep_a,false,expert,,,,
Palaung-139_tosleep-1-1,Palaung-139_tosleep-1,ʔit,139_tosleep_c,false,expert,,,,
Khmu-139_tosleep-1-1,Khmu-139_tosleep-1,sih,139_tosleep_d,false,expert,,,,
Khasi-140_small-1-1,Khasi-140_small-1,rit,140_small_a,false,expert,,,,
Lyngngam-140_small-1-1,Lyngngam-140_small-1,doh-dit,140_small_b,false,expert,,,,
PnarJaintia-140_small-1-1,PnarJaintia-140_small-1,kʰeiɲ,140_small_c,false,expert,,,,
WarLamin-140_small-1-1,WarLamin-140_small-1,sbɪət,140_small_d,false,expert,,,,
Palaung-140_small-1-1,Palaung-140_small-1,diət,140_small_b,false,expert,,,,
Khmu-140_small-1-1,Khmu-140_small-1,kʔnɛːŋ,140_small_e,false,expert,,,,
Khasi-141_tosmell-1-1,Khasi-141_tosmell-1,sma,141_tosmell_a,false,expert,,,,
Lyngngam-141_tosmell-1-1,Lyngngam-141_tosmell-1,ɨnnaw,141_tosmell_b,false,expert,,,,
PnarJaintia-141_tosmell-1-1,PnarJaintia-141_tosmell-1,sma,141_tosmell_a,false,expert,,,,
WarLamin-141_tosmell-1-1,WarLamin-141_tosmell-1,rʔɪəŋ,141_tosmell_c,false,expert,,,,
Palaung-141_tosmell-1-1,Palaung-141_tosmell-1,ʔur,141_tosmell_d,false,expert,,,,
Khmu-141_tosmell-1-1,Khmu-141_tosmell-1,mec,141_tosmell_e,false,expert,,,,
Khasi-142_smoke-1-1,Khasi-142_smoke-1,tdem,142_smoke_a,false,expert,,,,
Lyngngam-142_smoke-1-1,Lyngngam-142_smoke-1,ɨntʰak,142_smoke_b,false,expert,,,,
PnarJaintia-142_smoke-1-1,PnarJaintia-142_smoke-1,tdɛm,142_smoke_a,false,expert,,,,
WarLamin-142_smoke-1-1,WarLamin-142_smoke-1,tdem,142_smoke_a,false,expert,,,,
Palaung-142_smoke-1-1,Palaung-142_smoke-1,tɯk,142_smoke_b,false,expert,,,,
Khmu-142_smoke-1-1,Khmu-142_smoke-1,ptəʔ,142_smoke_b,false,expert,,,,
Khasi-143_smooth-1-1,Khasi-143_smooth-1,ɟliʔ,143_smooth_a,false,expert,,,,
Lyngngam-143_smooth-1-1,Lyngngam-143_smooth-1,ɟɨmpaj,143_smooth_b,false,expert,,,,
PnarJaintia-143_smooth-1-1,PnarJaintia-143_smooth-1,jaliʔ,143_smooth_a,false,expert,,,,
WarLamin-143_smooth-1-1,WarLamin-143_smooth-1,tjəlliʔ,143_smooth_a,false,expert,,,,
Palaung-143_smooth-1-1,Palaung-143_smooth-1,kleət,143_smooth_c,false,expert,,,,
Khmu-143_smooth-1-1,Khmu-143_smooth-1,lmɛːt,143_smooth_d,false,expert,,,,
Khasi-144_snake-1-1,Khasi-144_snake-1,bseɲ,144_snake_a,false,expert,,,,
Lyngngam-144_snake-1-1,Lyngngam-144_snake-1,bseɲ,144_snake_a,false,expert,,,,
PnarJaintia-144_snake-1-1,PnarJaintia-144_snake-1,pseiɲ,144_snake_a,false,expert,,,,
WarLamin-144_snake-1-1,WarLamin-144_snake-1,psen,144_snake_a,false,expert,,,,
Palaung-144_snake-1-1,Palaung-144_snake-1,hiŋ,144_snake_a,false,expert,,,,
Khmu-144_snake-1-1,Khmu-144_snake-1,mar,144_snake_b,false,expert,,,,
Khasi-145_snow-1-1,Khasi-145_snow-1,jor,145_snow_a,false,expert,,,,
Lyngngam-145_snow-1-1,Lyngngam-145_snow-1,jor,,false,expert,,,,
PnarJaintia-145_snow-1-1,PnarJaintia-145_snow-1,tʰaʔ,145_snow_b,false,expert,,,,
WarLamin-145_snow-1-1,WarLamin-145_snow-1,ksɪəŋ məŋ,145_snow_c,false,expert,,,,
Khasi-146_some-1-1,Khasi-146_some-1,kʰɨndiat,146_some_a,false,expert,,,,
Lyngngam-146_some-1-1,Lyngngam-146_some-1,taʔ-diat,146_some_a,false,expert,,,,
PnarJaintia-146_some-1-1,PnarJaintia-146_some-1,kʰaɟiak,146_some_b,false,expert,,,,
WarLamin-146_some-1-1,WarLamin-146_some-1,ʃitjĩŋ,146_some_c,false,expert,,,,
Palaung-146_some-1-1,Palaung-146_some-1,pərdi,146_some_d,false,expert,,,,
Khmu-146_some-1-1,Khmu-146_some-1,laːŋ,146_some_e,false,expert,,,,
Khasi-147_tospit-1-1,Khasi-147_tospit-1,biaʔ,147_tospit_a,false,expert,,,,
Lyngngam-147_tospit-1-1,Lyngngam-147_tospit-1,ɟɨrtʰew,147_tospit_b,false,expert,,,,
PnarJaintia-147_tospit-1-1,PnarJaintia-147_tospit-1,mn̩tʰu,147_tospit_b,false,expert,,,,
WarLamin-147_tospit-1-1,WarLamin-147_tospit-1,pəθeʊ,147_tospit_b,false,expert,,,,
Palaung-147_tospit-1-1,Palaung-147_tospit-1,bɛʔ,147_tospit_a,false,expert,,,,
Khmu-147_tospit-1-1,Khmu-147_tospit-1,kɟuh,147_tospit_c,false,expert,,,,
Khasi-148_tosplit-1-1,Khasi-148_tosplit-1,pʰiaʔ,148_tosplit_a,false,expert,,,,
Lyngngam-148_tosplit-1-1,Lyngngam-148_tosplit-1,tʰɨllaʔ,148_tosplit_b,false,expert,,,,
PnarJaintia-148_tosplit-1-1,PnarJaintia-148_tosplit-1,pʰiaʔ,148_tosplit_a,false,expert,,,,
WarLamin-148_tosplit-1-1,WarLamin-148_tosplit-1,phit,148_tosplit_a,false,expert,,,,
Palaung-148_tosplit-1-1,Palaung-148_tosplit-1,ploh,148_tosplit_c,false,expert,,,,
Khmu-148_tosplit-1-1,Khmu-148_tosplit-1,lak,148_tosplit_d,false,expert,,,,
Khasi-149_tosqueeze-1-1,Khasi-149_tosqueeze-1,kʰem,149_tosqueeze_a,false,expert,,,,
Lyngngam-149_tosqueeze-1-1,Lyngngam-149_tosqueeze-1,kʰɨnnim,149_tosqueeze_a,false,expert,,,,
PnarJaintia-149_tosqueeze-1-1,PnarJaintia-149_tosqueeze-1,ksiʔ,149_tosqueeze_b,false,expert,,,,
WarLamin-149_tosqueeze-1-1,WarLamin-149_tosqueeze-1,ʧəpɪə,149_tosqueeze_c,false,expert,,,,
Palaung-149_tosqueeze-1-1,Palaung-149_tosqueeze-1,piət,149_tosqueeze_c,false,expert,,,,
Khmu-149_tosqueeze-1-1,Khmu-149_tosqueeze-1,pɨət,149_tosqueeze_c,false,expert,,,,
Khasi-150_tostabpierce-1-1,Khasi-150_tostabpierce-1,duŋ,150_tostabpierce_a,false,expert,,,,
Lyngngam-150_tostabpierce-1-1,Lyngngam-150_tostabpierce-1,daneŋ,150_tostabpierce_a,false,expert,,,,
PnarJaintia-150_tostabpierce-1-1,PnarJaintia-150_tostabpierce-1,duŋ,150_tostabpierce_a,false,expert,,,,
WarLamin-150_tostabpierce-1-1,WarLamin-150_tostabpierce-1,tәndʊŋ,150_tostabpierce_a,false,expert,,,,
Palaung-150_tostabpierce-1-1,Palaung-150_tostabpierce-1,bruh,150_tostabpierce_b,false,expert,,,,
Khmu-150_tostabpierce-1-1,Khmu-150_tostabpierce-1,keɲ,150_tostabpierce_c,false,expert,,,,
Khasi-151_tostand-1-1,Khasi-151_tostand-1,ieŋ,151_tostand_a,false,expert,,,,
Lyngngam-151_tostand-1-1,Lyngngam-151_tostand-1,ñiəŋ,151_tostand_a,false,expert,,,,
PnarJaintia-151_tostand-1-1,PnarJaintia-151_tostand-1,jeiɲ,151_tostand_a,false,expert,,,,
WarLamin-151_tostand-1-1,WarLamin-151_tostand-1,rәŋ,151_tostand_a,false,expert,,,,
Palaung-151_tostand-1-1,Palaung-151_tostand-1,ɟəŋ,151_tostand_a,false,expert,,,,
Khmu-151_tostand-1-1,Khmu-151_tostand-1,dɨn,151_tostand_b,false,expert,,,,
Khasi-152_star-1-1,Khasi-152_star-1,kʰlur,152_star_a,false,expert,,,,
Lyngngam-152_star-1-1,Lyngngam-152_star-1,kʰlor,152_star_a,false,expert,,,,
PnarJaintia-152_star-1-1,PnarJaintia-152_star-1,kʰlor,152_star_a,false,expert,,,,
WarLamin-152_star-1-1,WarLamin-152_star-1,khlʊə ʃmen,152_star_b,false,expert,,,,
Palaung-152_star-1-1,Palaung-152_star-1,səmiŋ,152_star_b,false,expert,,,,
Khmu-152_star-1-1,Khmu-152_star-1,srmeɲ,152_star_b,false,expert,,,,
Khasi-153_stickofwood-1-1,Khasi-153_stickofwood-1,dieŋ,153_stickofwood_a,false,expert,,,,
Lyngngam-153_stickofwood-1-1,Lyngngam-153_stickofwood-1,ədiəŋ,153_stickofwood_a,false,expert,,,,
PnarJaintia-153_stickofwood-1-1,PnarJaintia-153_stickofwood-1,deiñ,153_stickofwood_b,false,expert,,,,
WarLamin-153_stickofwood-1-1,WarLamin-153_stickofwood-1,pərnɪa,153_stickofwood_c,false,expert,,,,
Palaung-153_stickofwood-1-1,Palaung-153_stickofwood-1,hviət,153_stickofwood_d,false,expert,,,,
Khmu-153_stickofwood-1-1,Khmu-153_stickofwood-1,lmpaːk,153_stickofwood_e,false,expert,,,,
Khasi-154_stone-1-1,Khasi-154_stone-1,maw,154_stone_a,false,expert,,,,
Lyngngam-154_stone-1-1,Lyngngam-154_stone-1,maw,154_stone_a,false,expert,,,,
PnarJaintia-154_stone-1-1,PnarJaintia-154_stone-1,mo,154_stone_a,false,expert,,,,
WarLamin-154_stone-1-1,WarLamin-154_stone-1,ʃmɪa,154_stone_a,false,expert,,,,
Palaung-154_stone-1-1,Palaung-154_stone-1,mo,154_stone_a,false,expert,,,,
Khmu-154_stone-1-1,Khmu-154_stone-1,glaːŋ,154_stone_b,false,expert,,,,
Khasi-155_straight-1-1,Khasi-155_straight-1,biet,155_straight_a,false,expert,,,,
Lyngngam-155_straight-1-1,Lyngngam-155_straight-1,lɨmpʰar,155_straight_b,false,expert,,,,
PnarJaintia-155_straight-1-1,PnarJaintia-155_straight-1,beit,155_straight_a,false,expert,,,,
WarLamin-155_straight-1-1,WarLamin-155_straight-1,bɪt,155_straight_a,false,expert,,,,
Palaung-155_straight-1-1,Palaung-155_straight-1,pʰiəŋ,155_straight_c,false,expert,,,,
Khmu-155_straight-1-1,Khmu-155_straight-1,teːr,155_straight_d,false,expert,,,,
Khasi-156_tosuck-1-1,Khasi-156_tosuck-1,kɟit,156_tosuck_a,false,expert,,,,
Lyngngam-156_tosuck-1-1,Lyngngam-156_tosuck-1,kɨnɟok,156_tosuck_a,false,expert,,,,
PnarJaintia-156_tosuck-1-1,PnarJaintia-156_tosuck-1,bu,156_tosuck_b,false,expert,,,,
WarLamin-156_tosuck-1-1,WarLamin-156_tosuck-1,tjʊr,156_tosuck_c,false,expert,,,,
Palaung-156_tosuck-1-1,Palaung-156_tosuck-1,bu,156_tosuck_b,false,expert,,,,
Khmu-156_tosuck-1-1,Khmu-156_tosuck-1,buʔ,156_tosuck_b,false,expert,,,,
Khasi-157_sun-1-1,Khasi-157_sun-1,sŋi,157_sun_a,false,expert,,,,
Lyngngam-157_sun-1-1,Lyngngam-157_sun-1,sŋej,157_sun_a,false,expert,,,,
PnarJaintia-157_sun-1-1,PnarJaintia-157_sun-1,sŋi,157_sun_a,false,expert,,,,
WarLamin-157_sun-1-1,WarLamin-157_sun-1,njʊŋa,157_sun_a,false,expert,,,,
Palaung-157_sun-1-1,Palaung-157_sun-1,səŋi,157_sun_a,false,expert,,,,
Khmu-157_sun-1-1,Khmu-157_sun-1,mat briʔ,157_sun_b,false,expert,,,,
Khasi-158_toswell-1-1,Khasi-158_toswell-1,at,158_toswell_a,false,expert,,,,
Lyngngam-158_toswell-1-1,Lyngngam-158_toswell-1,ɨnnat,158_toswell_a,false,expert,,,,
PnarJaintia-158_toswell-1-1,PnarJaintia-158_toswell-1,ad,158_toswell_a,false,expert,,,,
WarLamin-158_toswell-1-1,WarLamin-158_toswell-1,ʔat,158_toswell_a,false,expert,,,,
Palaung-158_toswell-1-1,Palaung-158_toswell-1,gɯ,158_toswell_b,false,expert,,,,
Khmu-158_toswell-1-1,Khmu-158_toswell-1,ʔɛh,158_toswell_a,false,expert,,,,
Khasi-159_toswim-1-1,Khasi-159_toswim-1,ɟŋi,159_toswim_a,false,expert,,,,
Lyngngam-159_toswim-1-1,Lyngngam-159_toswim-1,ɟɨnnaj,159_toswim_a,false,expert,,,,
PnarJaintia-159_toswim-1-1,PnarJaintia-159_toswim-1,jm̩pa,159_toswim_b,false,expert,,,,
WarLamin-159_toswim-1-1,WarLamin-159_toswim-1,rɪəŋ,159_toswim_a,false,expert,,,,
Palaung-159_toswim-1-1,Palaung-159_toswim-1,lɔj,159_toswim_c,false,expert,,,,
Khmu-159_toswim-1-1,Khmu-159_toswim-1,cʰaːj,159_toswim_d,false,expert,,,,
Khasi-160_tail-1-1,Khasi-160_tail-1,tdoŋ,160_tail_a,false,expert,,,,
Lyngngam-160_tail-1-1,Lyngngam-160_tail-1,kdoŋ,160_tail_a,false,expert,,,,
PnarJaintia-160_tail-1-1,PnarJaintia-160_tail-1,tdɔŋ,160_tail_a,false,expert,,,,
WarLamin-160_tail-1-1,WarLamin-160_tail-1,tdɒŋ,160_tail_a,false,expert,,,,
Palaung-160_tail-1-1,Palaung-160_tail-1,staʔ,160_tail_b,false,expert,,,,
Khmu-160_tail-1-1,Khmu-160_tail-1,hntaʔ,160_tail_b,false,expert,,,,
Khasi-161_that-1-1,Khasi-161_that-1,-ta,161_that_a,false,expert,,,,
Lyngngam-161_that-1-1,Lyngngam-161_that-1,ga-tej,161_that_a,false,expert,,,,
PnarJaintia-161_that-1-1,PnarJaintia-161_that-1,katai,161_that_a,false,expert,,,,
WarLamin-161_that-1-1,WarLamin-161_that-1,ke,161_that_b,false,expert,,,,
Palaung-161_that-1-1,Palaung-161_that-1,taj,161_that_a,false,expert,,,,
Khmu-161_that-1-1,Khmu-161_that-1,ʰnaːj,161_that_c,false,expert,,,,
Khasi-162_there-1-1,Khasi-162_there-1,katʰie,162_there_a,false,expert,,,,
Lyngngam-162_there-1-1,Lyngngam-162_there-1,gatʰoʔ,162_there_a,false,expert,,,,
PnarJaintia-162_there-1-1,PnarJaintia-162_there-1,heitai,162_there_b,false,expert,,,,
WarLamin-162_there-1-1,WarLamin-162_there-1,tʊ tʊn,162_there_c,false,expert,,,,
Khmu-162_there-1-1,Khmu-162_there-1,daʔ naːj,162_there_d,false,expert,,,,
Khasi-163_they-1-1,Khasi-163_they-1,ki,163_they_a,false,expert,,,,
Lyngngam-163_they-1-1,Lyngngam-163_they-1,gniʔ,163_they_b,false,expert,,,,
PnarJaintia-163_they-1-1,PnarJaintia-163_they-1,ki,163_they_a,false,expert,,,,
WarLamin-163_they-1-1,WarLamin-163_they-1,jə,163_they_c,false,expert,,,,
Palaung-163_they-1-1,Palaung-163_they-1,ge,163_they_a,false,expert,,,,
Khmu-163_they-1-1,Khmu-163_they-1,nɔː,163_they_d,false,expert,,,,
Khasi-164_thick-1-1,Khasi-164_thick-1,rben,164_thick_a,false,expert,,,,
Lyngngam-164_thick-1-1,Lyngngam-164_thick-1,rɨmbin,164_thick_a,false,expert,,,,
PnarJaintia-164_thick-1-1,PnarJaintia-164_thick-1,rbɛn,164_thick_a,false,expert,,,,
WarLamin-164_thick-1-1,WarLamin-164_thick-1,rben,164_thick_a,false,expert,,,,
Palaung-164_thick-1-1,Palaung-164_thick-1,hət,164_thick_b,false,expert,,,,
Khmu-164_thick-1-1,Khmu-164_thick-1,hmbɨl,164_thick_a,false,expert,,,,
Khasi-165_thin-1-1,Khasi-165_thin-1,staŋ,165_thin_a,false,expert,,,,
Lyngngam-165_thin-1-1,Lyngngam-165_thin-1,sɨntaŋ,165_thin_a,false,expert,,,,
PnarJaintia-165_thin-1-1,PnarJaintia-165_thin-1,staŋ,165_thin_a,false,expert,,,,
WarLamin-165_thin-1-1,WarLamin-165_thin-1,staŋ,,false,expert,,,,
Palaung-165_thin-1-1,Palaung-165_thin-1,hrer,165_thin_b,false,expert,,,,
Khmu-165_thin-1-1,Khmu-165_thin-1,hndaʔ,165_thin_c,false,expert,,,,
Khasi-166_think-1-1,Khasi-166_think-1,pɨrkʰat,166_think_a,false,expert,,,,
Lyngngam-166_think-1-1,Lyngngam-166_think-1,pɨrkʰat,,false,expert,,,,
PnarJaintia-166_think-1-1,PnarJaintia-166_think-1,pr̩̩kʰat,,false,expert,,,,
WarLamin-166_think-1-1,WarLamin-166_think-1,pərkhat,,false,expert,,,,
Palaung-166_think-1-1,Palaung-166_think-1,tʰaŋ,166_think_b,false,expert,,,,
Khmu-166_think-1-1,Khmu-166_think-1,trgət,166_think_a,false,expert,,,,
Khasi-167_this-1-1,Khasi-167_this-1,-ne,167_this_a,false,expert,,,,
Lyngngam-167_this-1-1,Lyngngam-167_this-1,ga-niʔ,167_this_a,false,expert,,,,
PnarJaintia-167_this-1-1,PnarJaintia-167_this-1,kani,167_this_a,false,expert,,,,
WarLamin-167_this-1-1,WarLamin-167_this-1,ke,167_this_a,false,expert,,,,
Palaung-167_this-1-1,Palaung-167_this-1,ʔɯ,167_this_b,false,expert,,,,
Khmu-167_this-1-1,Khmu-167_this-1,giː,167_this_c,false,expert,,,,
Khasi-168_thou-1-1,Khasi-168_thou-1,me,168_thou_a,false,expert,,,,
Lyngngam-168_thou-1-1,Lyngngam-168_thou-1,mi,168_thou_a,false,expert,,,,
PnarJaintia-168_thou-1-1,PnarJaintia-168_thou-1,me,168_thou_a,false,expert,,,,
WarLamin-168_thou-1-1,WarLamin-168_thou-1,ɪəm,168_thou_b,false,expert,,,,
Palaung-168_thou-1-1,Palaung-168_thou-1,mi,168_thou_a,false,expert,,,,
Khmu-168_thou-1-1,Khmu-168_thou-1,meː,168_thou_a,false,expert,,,,
Khasi-169_three-1-1,Khasi-169_three-1,laj,169_three_a,false,expert,,,,
Lyngngam-169_three-1-1,Lyngngam-169_three-1,laj,169_three_a,false,expert,,,,
PnarJaintia-169_three-1-1,PnarJaintia-169_three-1,le,169_three_a,false,expert,,,,
WarLamin-169_three-1-1,WarLamin-169_three-1,la,169_three_a,false,expert,,,,
Palaung-169_three-1-1,Palaung-169_three-1,ʔuəj,169_three_b,false,expert,,,,
Khmu-169_three-1-1,Khmu-169_three-1,peʔ,169_three_c,false,expert,,,,
Khasi-170_tothrow-1-1,Khasi-170_tothrow-1,kawaŋ,170_tothrow_a,false,expert,,,,
Lyngngam-170_tothrow-1-1,Lyngngam-170_tothrow-1,lɨntʰew,170_tothrow_b,false,expert,,,,
PnarJaintia-170_tothrow-1-1,PnarJaintia-170_tothrow-1,pakʰɔt,170_tothrow_c,false,expert,,,,
WarLamin-170_tothrow-1-1,WarLamin-170_tothrow-1,phədat,170_tothrow_d,false,expert,,,,
Palaung-170_tothrow-1-1,Palaung-170_tothrow-1,rup,170_tothrow_e,false,expert,,,,
Khmu-170_tothrow-1-1,Khmu-170_tothrow-1,pʰok,170_tothrow_f,false,expert,,,,
Khasi-171_totie-1-1,Khasi-171_totie-1,teʔ,171_totie_a,false,expert,,,,
Lyngngam-171_totie-1-1,Lyngngam-171_totie-1,tɨnnak,171_totie_a,false,expert,,,,
PnarJaintia-171_totie-1-1,PnarJaintia-171_totie-1,kdɔʔ,171_totie_b,false,expert,,,,
WarLamin-171_totie-1-1,WarLamin-171_totie-1,kʊt,171_totie_c,false,expert,,,,
Palaung-171_totie-1-1,Palaung-171_totie-1,toʔ,171_totie_a,false,expert,,,,
Khmu-171_totie-1-1,Khmu-171_totie-1,tuk,171_totie_a,false,expert,,,,
Khasi-172_tongue-1-1,Khasi-172_tongue-1,tʰɨllieɟ,172_tongue_a,false,expert,,,,
Lyngngam-172_tongue-1-1,Lyngngam-172_tongue-1,tʰɨlloʲt,172_tongue_a,false,expert,,,,
PnarJaintia-172_tongue-1-1,PnarJaintia-172_tongue-1,tʰl̩leiʔ,172_tongue_a,false,expert,,,,
WarLamin-172_tongue-1-1,WarLamin-172_tongue-1,khlit,172_tongue_a,false,expert,,,,
Palaung-172_tongue-1-1,Palaung-172_tongue-1,kərtaʔ,172_tongue_b,false,expert,,,,
Khmu-172_tongue-1-1,Khmu-172_tongue-1,hntaːk,172_tongue_b,false,expert,,,,
Khasi-173_tooth-1-1,Khasi-173_tooth-1,bniat,173_tooth_a,false,expert,,,,
Lyngngam-173_tooth-1-1,Lyngngam-173_tooth-1,moʲɲ,173_tooth_b,false,expert,,,,
PnarJaintia-173_tooth-1-1,PnarJaintia-173_tooth-1,lʌmeiɲ,173_tooth_b,false,expert,,,,
WarLamin-173_tooth-1-1,WarLamin-173_tooth-1,ləmen,173_tooth_b,false,expert,,,,
Palaung-173_tooth-1-1,Palaung-173_tooth-1,hraŋ,173_tooth_c,false,expert,,,,
Khmu-173_tooth-1-1,Khmu-173_tooth-1,ʰraːŋ,173_tooth_c,false,expert,,,,
Khasi-174_tree-1-1,Khasi-174_tree-1,dieŋ,174_tree_a,false,expert,,,,
Lyngngam-174_tree-1-1,Lyngngam-174_tree-1,diəŋ,174_tree_a,false,expert,,,,
PnarJaintia-174_tree-1-1,PnarJaintia-174_tree-1,deiɲ,174_tree_a,false,expert,,,,
WarLamin-174_tree-1-1,WarLamin-174_tree-1,tvɪa,174_tree_b,false,expert,,,,
Palaung-174_tree-1-1,Palaung-174_tree-1,he,174_tree_c,false,expert,,,,
Khmu-174_tree-1-1,Khmu-174_tree-1,sʔɔːŋ,174_tree_d,false,expert,,,,
Khasi-175_toturn-1-1,Khasi-175_toturn-1,kɨlla,175_toturn_a,false,expert,,,,
Lyngngam-175_toturn-1-1,Lyngngam-175_toturn-1,kɨlla,,false,expert,,,,
PnarJaintia-175_toturn-1-1,PnarJaintia-175_toturn-1,dɔŋ,175_toturn_b,false,expert,,,,
WarLamin-175_toturn-1-1,WarLamin-175_toturn-1,khərvi,175_toturn_c,false,expert,,,,
Palaung-175_toturn-1-1,Palaung-175_toturn-1,pən,175_toturn_d,false,expert,,,,
Khmu-175_toturn-1-1,Khmu-175_toturn-1,wer,175_toturn_c,false,expert,,,,
Khasi-176_two-1-1,Khasi-176_two-1,a:r,176_two_a,false,expert,,,,
Lyngngam-176_two-1-1,Lyngngam-176_two-1,ar,176_two_a,false,expert,,,,
PnarJaintia-176_two-1-1,PnarJaintia-176_two-1,ar,176_two_a,false,expert,,,,
WarLamin-176_two-1-1,WarLamin-176_two-1,ʔʊ͂ə,176_two_a,false,expert,,,,
Palaung-176_two-1-1,Palaung-176_two-1,ʔar,176_two_a,false,expert,,,,
Khmu-176_two-1-1,Khmu-176_two-1,baːr,176_two_a,false,expert,,,,
Khasi-177_tovomit-1-1,Khasi-177_tovomit-1,prei,177_tovomit_a,false,expert,,,,
Lyngngam-177_tovomit-1-1,Lyngngam-177_tovomit-1,pɨrraw,177_tovomit_a,false,expert,,,,
PnarJaintia-177_tovomit-1-1,PnarJaintia-177_tovomit-1,prai,177_tovomit_a,false,expert,,,,
WarLamin-177_tovomit-1-1,WarLamin-177_tovomit-1,hərɒʔ,177_tovomit_b,false,expert,,,,
Palaung-177_tovomit-1-1,Palaung-177_tovomit-1,hɯr,177_tovomit_c,false,expert,,,,
Khmu-177_tovomit-1-1,Khmu-177_tovomit-1,hɨəl,177_tovomit_c,false,expert,,,,
Khasi-178_towalk-1-1,Khasi-178_towalk-1,jaːʲd,178_towalk_a,false,expert,,,,
Lyngngam-178_towalk-1-1,Lyngngam-178_towalk-1,dinniʔ,178_towalk_b,false,expert,,,,
PnarJaintia-178_towalk-1-1,PnarJaintia-178_towalk-1,lai kdʒat,178_towalk_c,false,expert,,,,
WarLamin-178_towalk-1-1,WarLamin-178_towalk-1,lɪa,178_towalk_d,false,expert,,,,
Palaung-178_towalk-1-1,Palaung-178_towalk-1,pʰət,,false,expert,,,,
Khmu-178_towalk-1-1,Khmu-178_towalk-1,jɔh,178_towalk_e,false,expert,,,,
Khasi-179_warm-1-1,Khasi-179_warm-1,sʔaːʲd,179_warm_a,false,expert,,,,
Lyngngam-179_warm-1-1,Lyngngam-179_warm-1,ɨnʃit,179_warm_b,false,expert,,,,
PnarJaintia-179_warm-1-1,PnarJaintia-179_warm-1,cit,179_warm_b,false,expert,,,,
WarLamin-179_warm-1-1,WarLamin-179_warm-1,dɒt,179_warm_c,false,expert,,,,
Palaung-179_warm-1-1,Palaung-179_warm-1,kəʔɯr,179_warm_d,false,expert,,,,
Khmu-179_warm-1-1,Khmu-179_warm-1,hʔɨm,179_warm_e,false,expert,,,,
Khasi-180_towash-1-1,Khasi-180_towash-1,sait,180_towash_a,false,expert,,,,
Lyngngam-180_towash-1-1,Lyngngam-180_towash-1,sait,,false,expert,,,,
PnarJaintia-180_towash-1-1,PnarJaintia-180_towash-1,sait,180_towash_a,false,expert,,,,
WarLamin-180_towash-1-1,WarLamin-180_towash-1,ksi,180_towash_a,false,expert,,,,
Palaung-180_towash-1-1,Palaung-180_towash-1,kʰoj,180_towash_b,false,expert,,,,
Khmu-180_towash-1-1,Khmu-180_towash-1,raː,180_towash_c,false,expert,,,,
Khasi-181_water-1-1,Khasi-181_water-1,um,181_water_a,false,expert,,,,
Lyngngam-181_water-1-1,Lyngngam-181_water-1,gum,181_water_a,false,expert,,,,
PnarJaintia-181_water-1-1,PnarJaintia-181_water-1,um,181_water_a,false,expert,,,,
WarLamin-181_water-1-1,WarLamin-181_water-1,ʔam,181_water_a,false,expert,,,,
Palaung-181_water-1-1,Palaung-181_water-1,ʔom,181_water_a,false,expert,,,,
Khmu-181_water-1-1,Khmu-181_water-1,ʔom,,false,expert,,,,
Khasi-182_we-1-1,Khasi-182_we-1,ŋi,182_we_a,false,expert,,,,
Lyngngam-182_we-1-1,Lyngngam-182_we-1,jew,182_we_b,false,expert,,,,
PnarJaintia-182_we-1-1,PnarJaintia-182_we-1,i,182_we_c,false,expert,,,,
WarLamin-182_we-1-1,WarLamin-182_we-1,ʔɪə,182_we_c,false,expert,,,,
Palaung-182_we-1-1,Palaung-182_we-1,ʔɛ,182_we_c,false,expert,,,,
Khmu-182_we-1-1,Khmu-182_we-1,ʔiʔ,182_we_c,false,expert,,,,
Khasi-183_wet-1-1,Khasi-183_wet-1,ɟʰieʔ,183_wet_a,false,expert,,,,
Lyngngam-183_wet-1-1,Lyngngam-183_wet-1,ɟimbaʲt,183_wet_b,false,expert,,,,
PnarJaintia-183_wet-1-1,PnarJaintia-183_wet-1,dʒheiʔ,183_wet_a,false,expert,,,,
WarLamin-183_wet-1-1,WarLamin-183_wet-1,tjəriəʔ,183_wet_a,false,expert,,,,
Palaung-183_wet-1-1,Palaung-183_wet-1,om pjo pjo,183_wet_c,false,expert,,,,
Khmu-183_wet-1-1,Khmu-183_wet-1,dɛːc,183_wet_d,false,expert,,,,
Khasi-184_what-1-1,Khasi-184_what-1,-ej,184_what_a,false,expert,,,,
Lyngngam-184_what-1-1,Lyngngam-184_what-1,umet,184_what_b,false,expert,,,,
PnarJaintia-184_what-1-1,PnarJaintia-184_what-1,ilɛʔ,184_what_c,false,expert,,,,
WarLamin-184_what-1-1,WarLamin-184_what-1,i a,184_what_a,false,expert,,,,
Palaung-184_what-1-1,Palaung-184_what-1,mɔ,184_what_d,false,expert,,,,
Khmu-184_what-1-1,Khmu-184_what-1,ʰməh,184_what_d,false,expert,,,,
Khasi-185_when-1-1,Khasi-185_when-1,lano,185_when_a,false,expert,,,,
Lyngngam-185_when-1-1,Lyngngam-185_when-1,mɨnnet,185_when_b,false,expert,,,,
PnarJaintia-185_when-1-1,PnarJaintia-185_when-1,n̩nu,185_when_a,false,expert,,,,
WarLamin-185_when-1-1,WarLamin-185_when-1,daŋ njaʔ,185_when_c,false,expert,,,,
Palaung-185_when-1-1,Palaung-185_when-1,jam,,false,expert,,,,
Khmu-185_when-1-1,Khmu-185_when-1,ɲaːm məʔ,,false,expert,,,,
Khasi-186_where-1-1,Khasi-186_where-1,haej,186_where_a,false,expert,,,,
Lyngngam-186_where-1-1,Lyngngam-186_where-1,hanet,186_where_b,false,expert,,,,
PnarJaintia-186_where-1-1,PnarJaintia-186_where-1,tʃeiwʌn,,false,expert,,,,
WarLamin-186_where-1-1,WarLamin-186_where-1,ti njaʔ,186_where_c,false,expert,,,,
Palaung-186_where-1-1,Palaung-186_where-1,mɔ,186_where_d,false,expert,,,,
Khmu-186_where-1-1,Khmu-186_where-1,ʔar məʔ,186_where_e,false,expert,,,,
Khasi-187_white-1-1,Khasi-187_white-1,lieʔ,187_white_a,false,expert,,,,
Lyngngam-187_white-1-1,Lyngngam-187_white-1,əlliʔ,187_white_a,false,expert,,,,
PnarJaintia-187_white-1-1,PnarJaintia-187_white-1,leiʔ,187_white_a,false,expert,,,,
WarLamin-187_white-1-1,WarLamin-187_white-1,slaŋ,187_white_b,false,expert,,,,
Palaung-187_white-1-1,Palaung-187_white-1,blɔʔ,187_white_c,false,expert,,,,
Khmu-187_white-1-1,Khmu-187_white-1,klɔːk,187_white_d,false,expert,,,,
Khasi-188_who-1-1,Khasi-188_who-1,-no,188_who_a,false,expert,,,,
Lyngngam-188_who-1-1,Lyngngam-188_who-1,jət,188_who_b,false,expert,,,,
PnarJaintia-188_who-1-1,PnarJaintia-188_who-1,u,188_who_b,false,expert,,,,
WarLamin-188_who-1-1,WarLamin-188_who-1,u,188_who_c,false,expert,,,,
Palaung-188_who-1-1,Palaung-188_who-1,paj,188_who_d,false,expert,,,,
Khmu-188_who-1-1,Khmu-188_who-1,məʔ,188_who_e,false,expert,,,,
Khasi-189_wide-1-1,Khasi-189_wide-1,jar,189_wide_a,false,expert,,,,
Lyngngam-189_wide-1-1,Lyngngam-189_wide-1,ɨniər,189_wide_a,false,expert,,,,
PnarJaintia-189_wide-1-1,PnarJaintia-189_wide-1,jar,189_wide_a,false,expert,,,,
WarLamin-189_wide-1-1,WarLamin-189_wide-1,hɪaŋ,189_wide_b,false,expert,,,,
Palaung-189_wide-1-1,Palaung-189_wide-1,vah,189_wide_c,false,expert,,,,
Khmu-189_wide-1-1,Khmu-189_wide-1,wah,189_wide_c,false,expert,,,,
Khasi-190_wife-1-1,Khasi-190_wife-1,tŋa,190_wife_a,false,expert,,,,
Lyngngam-190_wife-1-1,Lyngngam-190_wife-1,kontʰaw,190_wife_b,false,expert,,,,
PnarJaintia-190_wife-1-1,PnarJaintia-190_wife-1,lɔk,190_wife_c,false,expert,,,,
WarLamin-190_wife-1-1,WarLamin-190_wife-1,kə lɒk,190_wife_d,false,expert,,,,
Palaung-190_wife-1-1,Palaung-190_wife-1,pənle,190_wife_e,false,expert,,,,
Khmu-190_wife-1-1,Khmu-190_wife-1,kmbraʔ,190_wife_f,false,expert,,,,
Khasi-191_wind-1-1,Khasi-191_wind-1,lʔer,191_wind_a,false,expert,,,,
Lyngngam-191_wind-1-1,Lyngngam-191_wind-1,lʔier,191_wind_a,false,expert,,,,
PnarJaintia-191_wind-1-1,PnarJaintia-191_wind-1,lʔɛr,191_wind_a,false,expert,,,,
WarLamin-191_wind-1-1,WarLamin-191_wind-1,srʊə,191_wind_a,false,expert,,,,
Palaung-191_wind-1-1,Palaung-191_wind-1,kur,191_wind_b,false,expert,,,,
Khmu-191_wind-1-1,Khmu-191_wind-1,hndrəːj,191_wind_c,false,expert,,,,
Khasi-192_wing-1-1,Khasi-192_wing-1,tʰapŋiaŋ,192_wing_a,false,expert,,,,
Lyngngam-192_wing-1-1,Lyngngam-192_wing-1,tʰapnir,192_wing_a,false,expert,,,,
PnarJaintia-192_wing-1-1,PnarJaintia-192_wing-1,tʰawanɛr,192_wing_a,false,expert,,,,
WarLamin-192_wing-1-1,WarLamin-192_wing-1,θәbәnɪar,192_wing_a,false,expert,,,,
Palaung-192_wing-1-1,Palaung-192_wing-1,peəŋ,192_wing_b,false,expert,,,,
Khmu-192_wing-1-1,Khmu-192_wing-1,pnɨr,192_wing_c,false,expert,,,,
Khasi-193_towipe-1-1,Khasi-193_towipe-1,ŋiad,193_towipe_a,false,expert,,,,
Lyngngam-193_towipe-1-1,Lyngngam-193_towipe-1,innat,193_towipe_b,false,expert,,,,
PnarJaintia-193_towipe-1-1,PnarJaintia-193_towipe-1,ɲiam,193_towipe_c,false,expert,,,,
WarLamin-193_towipe-1-1,WarLamin-193_towipe-1,ʃʔɪəʔ,193_towipe_d,false,expert,,,,
Palaung-193_towipe-1-1,Palaung-193_towipe-1,kʰut,193_towipe_e,false,expert,,,,
Khmu-193_towipe-1-1,Khmu-193_towipe-1,rmcɛh,193_towipe_f,false,expert,,,,
Khasi-194_with-1-1,Khasi-194_with-1,bad,194_with_a,false,expert,,,,
Lyngngam-194_with-1-1,Lyngngam-194_with-1,nam,194_with_b,false,expert,,,,
PnarJaintia-194_with-1-1,PnarJaintia-194_with-1,wa,194_with_c,false,expert,,,,
WarLamin-194_with-1-1,WarLamin-194_with-1,bəʔ,194_with_a,false,expert,,,,
Khmu-194_with-1-1,Khmu-194_with-1,paʔ,194_with_d,false,expert,,,,
Khasi-195_woman-1-1,Khasi-195_woman-1,kɨntʰej,195_woman_a,false,expert,,,,
Lyngngam-195_woman-1-1,Lyngngam-195_woman-1,rawkmaw,195_woman_b,false,expert,,,,
PnarJaintia-195_woman-1-1,PnarJaintia-195_woman-1,kn̩tʰai,195_woman_a,false,expert,,,,
WarLamin-195_woman-1-1,WarLamin-195_woman-1,hənθa,195_woman_a,false,expert,,,,
Palaung-195_woman-1-1,Palaung-195_woman-1,ipən,195_woman_c,false,expert,,,,
Khmu-195_woman-1-1,Khmu-195_woman-1,cmkɨn,195_woman_d,false,expert,,,,
Khasi-196_woodsforest-1-1,Khasi-196_woodsforest-1,kʰlaw,196_woodsforest_a,false,expert,,,,
Lyngngam-196_woodsforest-1-1,Lyngngam-196_woodsforest-1,ləwtəp,196_woodsforest_b,false,expert,,,,
PnarJaintia-196_woodsforest-1-1,PnarJaintia-196_woodsforest-1,kʰlo,196_woodsforest_a,false,expert,,,,
WarLamin-196_woodsforest-1-1,WarLamin-196_woodsforest-1,kərmɪa,196_woodsforest_c,false,expert,,,,
Palaung-196_woodsforest-1-1,Palaung-196_woodsforest-1,bri,196_woodsforest_d,false,expert,,,,
Khmu-196_woodsforest-1-1,Khmu-196_woodsforest-1,briʔ,196_woodsforest_d,false,expert,,,,
Khasi-197_worm-1-1,Khasi-197_worm-1,wieʔ,197_worm_a,false,expert,,,,
Lyngngam-197_worm-1-1,Lyngngam-197_worm-1,wiak,197_worm_a,false,expert,,,,
PnarJaintia-197_worm-1-1,PnarJaintia-197_worm-1,weiʔ,197_worm_a,false,expert,,,,
WarLamin-197_worm-1-1,WarLamin-197_worm-1,khvi,197_worm_a,false,expert,,,,
Palaung-197_worm-1-1,Palaung-197_worm-1,riər,197_worm_b,false,expert,,,,
Khmu-197_worm-1-1,Khmu-197_worm-1,hmbraːj,197_worm_c,false,expert,,,,
Khasi-198_yeyoupl-1-1,Khasi-198_yeyoupl-1,pʰi,198_yeyoupl_a,false,expert,,,,
Lyngngam-198_yeyoupl-1-1,Lyngngam-198_yeyoupl-1,pʰjaw,198_yeyoupl_a,false,expert,,,,
PnarJaintia-198_yeyoupl-1-1,PnarJaintia-198_yeyoupl-1,pʰi,198_yeyoupl_a,false,expert,,,,
WarLamin-198_yeyoupl-1-1,WarLamin-198_yeyoupl-1,hi,198_yeyoupl_a,false,expert,,,,
Palaung-198_yeyoupl-1-1,Palaung-198_yeyoupl-1,pɛ,198_yeyoupl_a,false,expert,,,,
Khmu-198_yeyoupl-1-1,Khmu-198_yeyoupl-1,bɔː,198_yeyoupl_b,false,expert,,,,
Khasi-199_year-1-1,Khasi-199_year-1,snem,199_year_a,false,expert,,,,
Lyngngam-199_year-1-1,Lyngngam-199_year-1,snim,199_year_a,false,expert,,,,
PnarJaintia-199_year-1-1,PnarJaintia-199_year-1,snɛm,199_year_a,false,expert,,,,
WarLamin-199_year-1-1,WarLamin-199_year-1,snem,199_year_a,false,expert,,,,
Palaung-199_year-1-1,Palaung-199_year-1,sənəm,199_year_a,false,expert,,,,
Khmu-199_year-1-1,Khmu-199_year-1,nɨm,199_year_a,false,expert,,,,
Khasi-200_yellow-1-1,Khasi-200_yellow-1,stem,200_yellow_a,false,expert,,,,
Lyngngam-200_yellow-1-1,Lyngngam-200_yellow-1,sɨntim,200_yellow_a,false,expert,,,,
PnarJaintia-200_yellow-1-1,PnarJaintia-200_yellow-1,stɛm,200_yellow_a,false,expert,,,,
WarLamin-200_yellow-1-1,WarLamin-200_yellow-1,tŋʊə,200_yellow_b,false,expert,,,,
Palaung-200_yellow-1-1,Palaung-200_yellow-1,teŋ,200_yellow_c,false,expert,,,,
Khmu-200_yellow-1-1,Khmu-200_yellow-1,cŋaːr,200_yellow_b,false,expert,,,,
